timeOpen,timeClose,timeHigh,timeLow,name,open,high,low,close,volume,marketCap,timestamp
2025-07-22T00:00:00.000Z,2025-07-22T23:59:59.999Z,2025-07-22T00:31:00.000Z,2025-07-22T09:27:00.000Z,2781,0.289190316,0.289501597,0.252460887,0.283545913,1986641.45,109960714.9,2025-07-22T23:59:59.999Z
2025-07-21T00:00:00.000Z,2025-07-21T23:59:59.999Z,2025-07-21T15:28:00.000Z,2025-07-21T23:26:00.000Z,2781,0.296201621,0.299750199,0.288765755,0.289190316,1620862.41,112301586.2,2025-07-21T23:59:59.999Z
2025-07-20T00:00:00.000Z,2025-07-20T23:59:59.999Z,2025-07-20T16:52:00.000Z,2025-07-20T00:37:00.000Z,2781,0.284500082,0.302226766,0.283584509,0.296201621,1080878.61,115045775,2025-07-20T23:59:59.999Z
2025-07-19T00:00:00.000Z,2025-07-19T23:59:59.999Z,2025-07-19T20:16:00.000Z,2025-07-19T01:07:00.000Z,2781,0.27609426,0.284589524,0.275243553,0.284500082,1121472.72,110519232.5,2025-07-19T23:59:59.999Z
2025-07-18T00:00:00.000Z,2025-07-18T23:59:59.999Z,2025-07-18T13:53:00.000Z,2025-07-18T00:14:00.000Z,2781,0.252058527,0.301042066,0.251451445,0.276092764,3180604.53,107472992.4,2025-07-18T23:59:59.999Z
2025-07-17T00:00:00.000Z,2025-07-17T23:59:59.999Z,2025-07-17T23:24:00.000Z,2025-07-17T04:11:00.000Z,2781,0.211028844,0.256218064,0.209977005,0.252058527,1870267.01,98263479.94,2025-07-17T23:59:59.999Z
2025-07-16T00:00:00.000Z,2025-07-16T23:59:59.999Z,2025-07-16T23:58:00.000Z,2025-07-16T04:19:00.000Z,2781,0.195060592,0.211030189,0.192587965,0.211028844,852213.46,82327053.09,2025-07-16T23:59:59.999Z
2025-07-15T00:00:00.000Z,2025-07-15T23:59:59.999Z,2025-07-15T23:59:00.000Z,2025-07-15T15:04:00.000Z,2781,0.184386696,0.195060592,0.180304787,0.195060592,1568372.75,76098746.22,2025-07-15T23:59:59.999Z
2025-07-14T00:00:00.000Z,2025-07-14T23:59:59.999Z,2025-07-14T23:59:00.000Z,2025-07-14T01:42:00.000Z,2781,0.175567288,0.184439252,0.175191919,0.184386696,941047.01,71959239,2025-07-14T23:59:59.999Z
2025-07-13T00:00:00.000Z,2025-07-13T23:59:59.999Z,2025-07-13T20:40:00.000Z,2025-07-13T00:14:00.000Z,2781,0.172017914,0.177893128,0.17175951,0.175567288,782303.7,68527487.78,2025-07-13T23:59:59.999Z
2025-07-12T00:00:00.000Z,2025-07-12T23:59:59.999Z,2025-07-12T07:31:00.000Z,2025-07-12T21:10:00.000Z,2781,0.179342197,0.182613132,0.169596657,0.172017914,827174.02,67162341.49,2025-07-12T23:59:59.999Z
2025-07-11T00:00:00.000Z,2025-07-11T23:59:59.999Z,2025-07-11T18:00:00.000Z,2025-07-11T00:31:00.000Z,2781,0.15799677,0.186850507,0.157259351,0.179342197,1630449.38,69989607.18,2025-07-11T23:59:59.999Z
2025-07-10T00:00:00.000Z,2025-07-10T23:59:59.999Z,2025-07-10T19:14:00.000Z,2025-07-10T01:01:00.000Z,2781,0.141767923,0.160388462,0.141148655,0.15799677,1498798.45,61740426.86,2025-07-10T23:59:59.999Z
2025-07-09T00:00:00.000Z,2025-07-09T23:59:59.999Z,2025-07-09T19:59:00.000Z,2025-07-09T05:33:00.000Z,2781,0.136737899,0.148285805,0.135421276,0.141767923,914795.58,55411201.88,2025-07-09T23:59:59.999Z
2025-07-08T00:00:00.000Z,2025-07-08T23:59:59.999Z,2025-07-08T19:01:00.000Z,2025-07-08T00:56:00.000Z,2781,0.128712703,0.137002621,0.128476562,0.136737899,778987.74,53445174.02,2025-07-08T23:59:59.999Z
2025-07-07T00:00:00.000Z,2025-07-07T23:59:59.999Z,2025-07-07T20:47:00.000Z,2025-07-07T16:27:00.000Z,2781,0.126862842,0.129393531,0.126008187,0.128712703,668211.29,50307858.96,2025-07-07T23:59:59.999Z
2025-07-06T00:00:00.000Z,2025-07-06T23:59:59.999Z,2025-07-06T22:24:00.000Z,2025-07-06T10:03:00.000Z,2781,0.125063359,0.12915199,0.124152151,0.126863371,537970.59,49593778.96,2025-07-06T23:59:59.999Z
2025-07-05T00:00:00.000Z,2025-07-05T23:59:59.999Z,2025-07-05T04:57:00.000Z,2025-07-05T05:45:00.000Z,2781,0.123811525,0.126116845,0.122419355,0.125063359,684328.2,48892013.59,2025-07-05T23:59:59.999Z
2025-07-04T00:00:00.000Z,2025-07-04T23:59:59.999Z,2025-07-04T01:28:00.000Z,2025-07-04T19:31:00.000Z,2781,0.130666593,0.131353941,0.122825938,0.123811525,660967.16,48375081.42,2025-07-04T23:59:59.999Z
2025-07-03T00:00:00.000Z,2025-07-03T23:59:59.999Z,2025-07-03T13:54:00.000Z,2025-07-03T23:51:00.000Z,2781,0.137554667,0.140599986,0.13024486,0.130666593,1494103.65,51819715.12,2025-07-03T23:59:59.999Z
2025-07-02T00:00:00.000Z,2025-07-02T23:59:59.999Z,2025-07-02T20:02:00.000Z,2025-07-02T00:05:00.000Z,2781,0.121908418,0.139945406,0.121832635,0.137554667,827354.43,54551730.51,2025-07-02T23:59:59.999Z
2025-07-01T00:00:00.000Z,2025-07-01T23:59:59.999Z,2025-07-01T01:38:00.000Z,2025-07-01T17:03:00.000Z,2781,0.12979991,0.13001223,0.116055519,0.12190824,1466760.34,48384925.18,2025-07-01T23:59:59.999Z
2025-06-30T00:00:00.000Z,2025-06-30T23:59:59.999Z,2025-06-30T20:59:00.000Z,2025-06-30T10:20:00.000Z,2781,0.12284912,0.130416143,0.104247688,0.129800012,3049708.44,51517638.96,2025-06-30T23:59:59.999Z
2025-06-29T00:00:00.000Z,2025-06-29T23:59:59.999Z,2025-06-29T11:58:00.000Z,2025-06-29T21:07:00.000Z,2781,0.132338856,0.132562636,0.117468412,0.12284912,1448274.93,48714386.54,2025-06-29T23:59:59.999Z
2025-06-28T00:00:00.000Z,2025-06-28T23:59:59.999Z,2025-06-28T22:35:00.000Z,2025-06-28T00:14:00.000Z,2781,0.11941365,0.132371511,0.119272732,0.132338856,980736.25,52476529.53,2025-06-28T23:59:59.999Z
2025-06-27T00:00:00.000Z,2025-06-27T23:59:59.999Z,2025-06-27T04:44:00.000Z,2025-06-27T19:44:00.000Z,2781,0.12532314,0.131355243,0.117580791,0.119413729,1230202.55,47432143.57,2025-06-27T23:59:59.999Z
2025-06-26T00:00:00.000Z,2025-06-26T23:59:59.999Z,2025-06-26T03:08:00.000Z,2025-06-26T21:39:00.000Z,2781,0.133409503,0.138476155,0.124775571,0.125221849,1267886.37,49737715.24,2025-06-26T23:59:59.999Z
2025-06-25T00:00:00.000Z,2025-06-25T23:59:59.999Z,2025-06-25T22:29:00.000Z,2025-06-25T14:28:00.000Z,2781,0.131702588,0.135540414,0.128938372,0.133409503,1085589.91,53043394.82,2025-06-25T23:59:59.999Z
2025-06-24T00:00:00.000Z,2025-06-24T23:59:59.999Z,2025-06-24T00:00:00.000Z,2025-06-24T11:25:00.000Z,2781,0.151269453,0.151278283,0.128223446,0.131702588,1535766.72,52505742.57,2025-06-24T23:59:59.999Z
2025-06-23T00:00:00.000Z,2025-06-23T23:59:59.999Z,2025-06-23T22:34:00.000Z,2025-06-23T16:39:00.000Z,2781,0.133229101,0.151696041,0.132289121,0.151269453,1690870.91,60375226.21,2025-06-23T23:59:59.999Z
2025-06-22T00:00:00.000Z,2025-06-22T23:59:59.999Z,2025-06-22T14:48:00.000Z,2025-06-22T14:26:00.000Z,2781,0.127662409,0.1369192,0.123146303,0.133229103,2897021.8,53177807.61,2025-06-22T23:59:59.999Z
2025-06-21T00:00:00.000Z,2025-06-21T23:59:59.999Z,2025-06-21T11:41:00.000Z,2025-06-21T23:50:00.000Z,2781,0.134189619,0.147423018,0.123940691,0.127662409,2566667.28,50966917.15,2025-06-21T23:59:59.999Z
2025-06-20T00:00:00.000Z,2025-06-20T23:59:59.999Z,2025-06-20T01:05:00.000Z,2025-06-20T17:40:00.000Z,2781,0.159839759,0.160332471,0.132979757,0.134189619,1197989.59,53572788.01,2025-06-20T23:59:59.999Z
2025-06-19T00:00:00.000Z,2025-06-19T23:59:59.999Z,2025-06-19T09:52:00.000Z,2025-06-19T17:07:00.000Z,2781,0.163665143,0.174914739,0.15708773,0.159839951,1959301.01,63818983.46,2025-06-19T23:59:59.999Z
2025-06-18T00:00:00.000Z,2025-06-18T23:59:59.999Z,2025-06-18T08:16:00.000Z,2025-06-18T20:19:00.000Z,2781,0.175183592,0.176946301,0.162967423,0.163665143,1470142.51,65346674.7,2025-06-18T23:59:59.999Z
2025-06-17T00:00:00.000Z,2025-06-17T23:59:59.999Z,2025-06-17T03:19:00.000Z,2025-06-17T17:03:00.000Z,2781,0.180958446,0.184514852,0.171603035,0.175183592,751126.26,69946013.16,2025-06-17T23:59:59.999Z
2025-06-16T00:00:00.000Z,2025-06-16T23:59:59.999Z,2025-06-16T20:53:00.000Z,2025-06-16T23:59:00.000Z,2781,0.185237764,0.191244307,0.180955471,0.180958446,931056.24,72250713.8,2025-06-16T23:59:59.999Z
2025-06-15T00:00:00.000Z,2025-06-15T23:59:59.999Z,2025-06-15T18:01:00.000Z,2025-06-15T09:55:00.000Z,2781,0.180769545,0.185657476,0.178548075,0.185237764,664918.46,73956381.6,2025-06-15T23:59:59.999Z
2025-06-14T00:00:00.000Z,2025-06-14T23:59:59.999Z,2025-06-14T00:01:00.000Z,2025-06-14T18:46:00.000Z,2781,0.185026427,0.185032613,0.178121645,0.180769639,548073.43,72301269.87,2025-06-14T23:59:59.999Z
2025-06-13T00:00:00.000Z,2025-06-13T23:59:59.999Z,2025-06-13T00:00:00.000Z,2025-06-13T02:46:00.000Z,2781,0.189161078,0.189187633,0.174800233,0.185026427,1126357.55,74009425.12,2025-06-13T23:59:59.999Z
2025-06-12T00:00:00.000Z,2025-06-12T23:59:59.999Z,2025-06-12T06:44:00.000Z,2025-06-12T20:56:00.000Z,2781,0.196649795,0.200139129,0.186902174,0.189161078,895878.31,75699524.11,2025-06-12T23:59:59.999Z
2025-06-11T00:00:00.000Z,2025-06-11T23:59:59.999Z,2025-06-11T13:20:00.000Z,2025-06-11T22:28:00.000Z,2781,0.208065065,0.212555909,0.195058598,0.196649795,2118184.14,78710242.41,2025-06-11T23:59:59.999Z
2025-06-10T00:00:00.000Z,2025-06-10T23:59:59.999Z,2025-06-10T22:39:00.000Z,2025-06-10T06:11:00.000Z,2781,0.199979683,0.2090285,0.198893609,0.208065065,830845.37,83276691.8,2025-06-10T23:59:59.999Z
2025-06-09T00:00:00.000Z,2025-06-09T23:59:59.999Z,2025-06-09T23:48:00.000Z,2025-06-09T05:46:00.000Z,2781,0.188053847,0.200382902,0.185839709,0.199979683,1165273.21,80040787.2,2025-06-09T23:59:59.999Z
2025-06-08T00:00:00.000Z,2025-06-08T23:59:59.999Z,2025-06-08T00:39:00.000Z,2025-06-08T23:57:00.000Z,2781,0.193431502,0.19359335,0.187906438,0.188053847,1522093.67,75263774.56,2025-06-08T23:59:59.999Z
2025-06-07T00:00:00.000Z,2025-06-07T23:59:59.999Z,2025-06-07T15:14:00.000Z,2025-06-07T00:22:00.000Z,2781,0.187446802,0.19480104,0.186042454,0.193431604,1353777.45,77416816.76,2025-06-07T23:59:59.999Z
2025-06-06T00:00:00.000Z,2025-06-06T23:59:59.999Z,2025-06-06T15:20:00.000Z,2025-06-06T00:26:00.000Z,2781,0.185117034,0.194724298,0.184004861,0.187553489,1549578.45,74729983.79,2025-06-06T23:59:59.999Z
2025-06-05T00:00:00.000Z,2025-06-05T23:59:59.999Z,2025-06-05T04:53:00.000Z,2025-06-05T21:02:00.000Z,2781,0.20041181,0.202000047,0.182590345,0.185117001,631697.77,73801168.27,2025-06-05T23:59:59.999Z
2025-06-04T00:00:00.000Z,2025-06-04T23:59:59.999Z,2025-06-04T15:59:00.000Z,2025-06-04T00:45:00.000Z,2781,0.200762444,0.205928733,0.199458961,0.200411808,725174.05,79898783.13,2025-06-04T23:59:59.999Z
2025-06-03T00:00:00.000Z,2025-06-03T23:59:59.999Z,2025-06-03T15:03:00.000Z,2025-06-03T23:35:00.000Z,2781,0.204570817,0.209283177,0.20025597,0.200762444,1530274.86,80038571.26,2025-06-03T23:59:59.999Z
2025-06-02T00:00:00.000Z,2025-06-02T23:59:59.999Z,2025-06-02T23:57:00.000Z,2025-06-02T10:07:00.000Z,2781,0.200418969,0.204939338,0.194243136,0.204570817,1969148.22,81556866.68,2025-06-02T23:59:59.999Z
2025-06-01T00:00:00.000Z,2025-06-01T23:59:59.999Z,2025-06-01T17:13:00.000Z,2025-06-01T12:40:00.000Z,2781,0.201628798,0.201727792,0.19390838,0.200418969,1482961.52,79901637.09,2025-06-01T23:59:59.999Z
2025-05-31T00:00:00.000Z,2025-05-31T23:59:59.999Z,2025-05-31T00:13:00.000Z,2025-05-31T03:01:00.000Z,2781,0.205722319,0.20624315,0.198589086,0.201628818,1061269.17,80381644.61,2025-05-31T23:59:59.999Z
2025-05-30T00:00:00.000Z,2025-05-30T23:59:59.999Z,2025-05-30T00:30:00.000Z,2025-05-30T23:31:00.000Z,2781,0.216514274,0.217180698,0.204549729,0.205722558,810533.3,82011724.91,2025-05-30T23:59:59.999Z
2025-05-29T00:00:00.000Z,2025-05-29T23:59:59.999Z,2025-05-29T00:14:00.000Z,2025-05-29T23:54:00.000Z,2781,0.22366996,0.250321823,0.215977312,0.216514274,3328983.75,86313965.14,2025-05-29T23:59:59.999Z
2025-05-28T00:00:00.000Z,2025-05-28T23:59:59.999Z,2025-05-28T12:51:00.000Z,2025-05-28T01:45:00.000Z,2781,0.214718718,0.22566288,0.213530586,0.22366995,1916067.58,89109431.26,2025-05-28T23:59:59.999Z
2025-05-27T00:00:00.000Z,2025-05-27T23:59:59.999Z,2025-05-27T18:12:00.000Z,2025-05-27T02:58:00.000Z,2781,0.205587581,0.218466635,0.201214227,0.214718718,2005998.67,85543283.55,2025-05-27T23:59:59.999Z
2025-05-26T00:00:00.000Z,2025-05-26T23:59:59.999Z,2025-05-26T07:13:00.000Z,2025-05-26T00:04:00.000Z,2781,0.204284471,0.209853425,0.20424496,0.205587581,955320.58,81887894.85,2025-05-26T23:59:59.999Z
2025-05-25T00:00:00.000Z,2025-05-25T23:59:59.999Z,2025-05-25T23:03:00.000Z,2025-05-25T15:29:00.000Z,2781,0.203096675,0.204361631,0.198324558,0.20428442,707476.57,81368851.24,2025-05-25T23:59:59.999Z
2025-05-24T00:00:00.000Z,2025-05-24T23:59:59.999Z,2025-05-24T11:19:00.000Z,2025-05-24T23:05:00.000Z,2781,0.203748029,0.207218927,0.20259244,0.203096675,623560.56,80895738.45,2025-05-24T23:59:59.999Z
2025-05-23T00:00:00.000Z,2025-05-23T23:59:59.999Z,2025-05-23T02:39:00.000Z,2025-05-23T23:46:00.000Z,2781,0.215419756,0.222273299,0.202934393,0.203748029,1094677.18,81155180.42,2025-05-23T23:59:59.999Z
2025-05-22T00:00:00.000Z,2025-05-22T23:59:59.999Z,2025-05-22T09:31:00.000Z,2025-05-22T00:05:00.000Z,2781,0.208023942,0.218875604,0.207785739,0.215412392,720379.89,85801230.24,2025-05-22T23:59:59.999Z
2025-05-21T00:00:00.000Z,2025-05-21T23:59:59.999Z,2025-05-21T16:52:00.000Z,2025-05-21T17:59:00.000Z,2781,0.200561412,0.21014452,0.197900671,0.208023884,2020710.74,82858325.63,2025-05-21T23:59:59.999Z
2025-05-20T00:00:00.000Z,2025-05-20T23:59:59.999Z,2025-05-20T02:47:00.000Z,2025-05-20T19:20:00.000Z,2781,0.202291057,0.206651619,0.195349882,0.200561373,1139818.63,79886515,2025-05-20T23:59:59.999Z
2025-05-19T00:00:00.000Z,2025-05-19T23:59:59.999Z,2025-05-19T00:10:00.000Z,2025-05-19T07:00:00.000Z,2781,0.205420134,0.206146265,0.191377153,0.202291057,1505467.8,80586239.17,2025-05-19T23:59:59.999Z
2025-05-18T00:00:00.000Z,2025-05-18T23:59:59.999Z,2025-05-18T17:01:00.000Z,2025-05-18T20:04:00.000Z,2781,0.200922968,0.211296847,0.194580816,0.205420134,1114828.71,81639289.5,2025-05-18T23:59:59.999Z
2025-05-17T00:00:00.000Z,2025-05-17T23:59:59.999Z,2025-05-17T00:01:00.000Z,2025-05-17T02:19:00.000Z,2781,0.205351149,0.205366566,0.198841086,0.200922968,797614.38,79850391.69,2025-05-17T23:59:59.999Z
2025-05-16T00:00:00.000Z,2025-05-16T23:59:59.999Z,2025-05-16T11:25:00.000Z,2025-05-16T23:55:00.000Z,2781,0.207502358,0.214121833,0.20500323,0.205351149,873775.21,81610230.52,2025-05-16T23:59:59.999Z
2025-05-15T00:00:00.000Z,2025-05-15T23:59:59.999Z,2025-05-15T00:51:00.000Z,2025-05-15T14:52:00.000Z,2781,0.216318205,0.218674259,0.204401376,0.207498756,866140.54,82465159.17,2025-05-15T23:59:59.999Z
2025-05-14T00:00:00.000Z,2025-05-14T23:59:59.999Z,2025-05-14T01:46:00.000Z,2025-05-14T17:27:00.000Z,2781,0.223117645,0.225222622,0.213293474,0.216318205,682417.57,86064613,2025-05-14T23:59:59.999Z
2025-05-13T00:00:00.000Z,2025-05-13T23:59:59.999Z,2025-05-13T19:49:00.000Z,2025-05-13T04:07:00.000Z,2781,0.207630399,0.224173766,0.202094286,0.22311763,1366411.59,88673325.46,2025-05-13T23:59:59.999Z
2025-05-12T00:00:00.000Z,2025-05-12T23:59:59.999Z,2025-05-12T07:35:00.000Z,2025-05-12T18:52:00.000Z,2781,0.211028296,0.219356979,0.202513151,0.207630399,1212729.2,82524190.42,2025-05-12T23:59:59.999Z
2025-05-11T00:00:00.000Z,2025-05-11T23:59:59.999Z,2025-05-11T02:43:00.000Z,2025-05-11T16:37:00.000Z,2781,0.220962265,0.22201842,0.206401469,0.211028296,1581930.03,83870462.71,2025-05-11T23:59:59.999Z
2025-05-10T00:00:00.000Z,2025-05-10T23:59:59.999Z,2025-05-10T23:55:00.000Z,2025-05-10T00:59:00.000Z,2781,0.206300952,0.221134407,0.205760098,0.220962265,1190534.56,87747764.79,2025-05-10T23:59:59.999Z
2025-05-09T00:00:00.000Z,2025-05-09T23:59:59.999Z,2025-05-09T08:38:00.000Z,2025-05-09T00:08:00.000Z,2781,0.18876705,0.212695534,0.188035646,0.206300934,1301928.13,81924255.04,2025-05-09T23:59:59.999Z
2025-05-08T00:00:00.000Z,2025-05-08T23:59:59.999Z,2025-05-08T21:25:00.000Z,2025-05-08T00:43:00.000Z,2781,0.157460984,0.18927856,0.157303854,0.18876705,885503.11,75006185.74,2025-05-08T23:59:59.999Z
2025-05-07T00:00:00.000Z,2025-05-07T23:59:59.999Z,2025-05-07T08:22:00.000Z,2025-05-07T00:03:00.000Z,2781,0.155267055,0.161456712,0.155095884,0.157461001,1118458.41,62606410.15,2025-05-07T23:59:59.999Z
2025-05-06T00:00:00.000Z,2025-05-06T23:59:59.999Z,2025-05-06T23:58:00.000Z,2025-05-06T13:59:00.000Z,2781,0.148750709,0.155420777,0.143982243,0.15526709,1363558.32,61732392.96,2025-05-06T23:59:59.999Z
2025-05-05T00:00:00.000Z,2025-05-05T23:59:59.999Z,2025-05-05T09:04:00.000Z,2025-05-05T02:15:00.000Z,2781,0.148753316,0.150507458,0.146628807,0.148750703,451956.93,59141639.48,2025-05-05T23:59:59.999Z
2025-05-04T00:00:00.000Z,2025-05-04T23:59:59.999Z,2025-05-04T06:10:00.000Z,2025-05-04T23:44:00.000Z,2781,0.152475374,0.153714309,0.148498849,0.148753316,390685.35,59143441.25,2025-05-04T23:59:59.999Z
2025-05-03T00:00:00.000Z,2025-05-03T23:59:59.999Z,2025-05-03T14:22:00.000Z,2025-05-03T01:46:00.000Z,2781,0.152341042,0.154432127,0.150995688,0.152475374,612799.05,60623309.89,2025-05-03T23:59:59.999Z
2025-05-02T00:00:00.000Z,2025-05-02T23:59:59.999Z,2025-05-02T18:10:00.000Z,2025-05-02T10:30:00.000Z,2781,0.149009294,0.154778873,0.146645473,0.152341026,622530.66,60571041.85,2025-05-02T23:59:59.999Z
2025-05-01T00:00:00.000Z,2025-05-01T23:59:59.999Z,2025-05-01T16:49:00.000Z,2025-05-01T00:43:00.000Z,2781,0.142029738,0.151262046,0.141747391,0.149007808,593725.5,59246333.48,2025-05-01T23:59:59.999Z
2025-04-30T00:00:00.000Z,2025-04-30T23:59:59.999Z,2025-04-30T00:41:00.000Z,2025-04-30T14:02:00.000Z,2781,0.144828426,0.147288155,0.140329051,0.142029738,525006.73,56439911.38,2025-04-30T23:59:59.999Z
2025-04-29T00:00:00.000Z,2025-04-29T23:59:59.999Z,2025-04-29T10:22:00.000Z,2025-04-29T23:35:00.000Z,2781,0.146978905,0.150037533,0.143959614,0.144828426,522446.09,57553605.65,2025-04-29T23:59:59.999Z
2025-04-28T00:00:00.000Z,2025-04-28T23:59:59.999Z,2025-04-28T09:06:00.000Z,2025-04-28T16:28:00.000Z,2781,0.14808413,0.150505342,0.141973052,0.14697894,788764.75,58407215.05,2025-04-28T23:59:59.999Z
2025-04-27T00:00:00.000Z,2025-04-27T23:59:59.999Z,2025-04-27T01:19:00.000Z,2025-04-27T23:56:00.000Z,2781,0.163716429,0.166335856,0.147764798,0.14808322,867389.17,58697862.09,2025-04-27T23:59:59.999Z
2025-04-26T00:00:00.000Z,2025-04-26T23:59:59.999Z,2025-04-26T22:43:00.000Z,2025-04-26T13:34:00.000Z,2781,0.162303803,0.165817582,0.161235946,0.163716429,643135.4,64896356.35,2025-04-26T23:59:59.999Z
2025-04-25T00:00:00.000Z,2025-04-25T23:59:59.999Z,2025-04-25T15:36:00.000Z,2025-04-25T03:02:00.000Z,2781,0.160470899,0.16627884,0.158258614,0.162301596,590431.3,64334346.14,2025-04-25T23:59:59.999Z
2025-04-24T00:00:00.000Z,2025-04-24T23:59:59.999Z,2025-04-24T00:01:00.000Z,2025-04-24T09:00:00.000Z,2781,0.161225138,0.161445878,0.155122475,0.16047098,463182.6,63602246.86,2025-04-24T23:59:59.999Z
2025-04-23T00:00:00.000Z,2025-04-23T23:59:59.999Z,2025-04-23T13:40:00.000Z,2025-04-23T00:55:00.000Z,2781,0.155965371,0.165037466,0.155273102,0.161225138,656392.12,63983994.69,2025-04-23T23:59:59.999Z
2025-04-22T00:00:00.000Z,2025-04-22T23:59:59.999Z,2025-04-22T23:33:00.000Z,2025-04-22T00:40:00.000Z,2781,0.137582438,0.156430999,0.135939931,0.155965371,706553.52,61819913.95,2025-04-22T23:59:59.999Z
2025-04-21T00:00:00.000Z,2025-04-21T23:59:59.999Z,2025-04-21T03:38:00.000Z,2025-04-21T19:11:00.000Z,2781,0.13745395,0.145423833,0.136809007,0.137583238,664196.7,54547684.86,2025-04-21T23:59:59.999Z
2025-04-20T00:00:00.000Z,2025-04-20T23:59:59.999Z,2025-04-20T07:10:00.000Z,2025-04-20T22:42:00.000Z,2781,0.139723786,0.140286659,0.136373417,0.13745395,566431.88,54496426.1,2025-04-20T23:59:59.999Z
2025-04-19T00:00:00.000Z,2025-04-19T23:59:59.999Z,2025-04-19T22:01:00.000Z,2025-04-19T00:34:00.000Z,2781,0.137396502,0.140430043,0.13712041,0.139723786,469712.38,55396348.83,2025-04-19T23:59:59.999Z
2025-04-18T00:00:00.000Z,2025-04-18T23:59:59.999Z,2025-04-18T12:34:00.000Z,2025-04-18T00:22:00.000Z,2781,0.135901019,0.138459894,0.135232376,0.137396502,462964.18,54527334.41,2025-04-18T23:59:59.999Z
2025-04-17T00:00:00.000Z,2025-04-17T23:59:59.999Z,2025-04-17T18:24:00.000Z,2025-04-17T14:42:00.000Z,2781,0.135746234,0.139298725,0.134594329,0.135901019,452126.16,53876906.01,2025-04-17T23:59:59.999Z
2025-04-16T00:00:00.000Z,2025-04-16T23:59:59.999Z,2025-04-16T03:19:00.000Z,2025-04-16T18:03:00.000Z,2781,0.139543185,0.141846955,0.134303817,0.135746234,596680.89,53872421.8,2025-04-16T23:59:59.999Z
2025-04-15T00:00:00.000Z,2025-04-15T23:59:59.999Z,2025-04-15T02:02:00.000Z,2025-04-15T23:59:00.000Z,2781,0.147246842,0.148017332,0.139537306,0.139543185,554976.03,55379283.39,2025-04-15T23:59:59.999Z
2025-04-14T00:00:00.000Z,2025-04-14T23:59:59.999Z,2025-04-14T14:58:00.000Z,2025-04-14T00:00:00.000Z,2781,0.140546568,0.14954406,0.140546568,0.147246842,663467.09,58436566.51,2025-04-14T23:59:59.999Z
2025-04-13T00:00:00.000Z,2025-04-13T23:59:59.999Z,2025-04-13T18:13:00.000Z,2025-04-13T21:45:00.000Z,2781,0.145595714,0.146947055,0.13981268,0.140546568,493914.23,55777473.29,2025-04-13T23:59:59.999Z
2025-04-12T00:00:00.000Z,2025-04-12T23:59:59.999Z,2025-04-12T15:45:00.000Z,2025-04-12T02:58:00.000Z,2781,0.138687093,0.147044045,0.137845599,0.145595699,534260.08,57779253.87,2025-04-12T23:59:59.999Z
2025-04-11T00:00:00.000Z,2025-04-11T23:59:59.999Z,2025-04-11T21:13:00.000Z,2025-04-11T01:01:00.000Z,2781,0.129778287,0.140084278,0.128500954,0.138687093,723444.13,55037586.72,2025-04-11T23:59:59.999Z
2025-04-10T00:00:00.000Z,2025-04-10T23:59:59.999Z,2025-04-10T00:13:00.000Z,2025-04-10T15:51:00.000Z,2781,0.141309845,0.141398255,0.127161141,0.129778287,519205.49,51509155.65,2025-04-10T23:59:59.999Z
2025-04-09T00:00:00.000Z,2025-04-09T23:59:59.999Z,2025-04-09T22:25:00.000Z,2025-04-09T01:33:00.000Z,2781,0.117966247,0.144466504,0.113077078,0.14131043,957731.54,56090058.32,2025-04-09T23:59:59.999Z
2025-04-08T00:00:00.000Z,2025-04-08T23:59:59.999Z,2025-04-08T02:19:00.000Z,2025-04-08T22:40:00.000Z,2781,0.127817119,0.131925124,0.117409872,0.117966247,558412.92,46194380.99,2025-04-08T23:59:59.999Z
2025-04-07T00:00:00.000Z,2025-04-07T23:59:59.999Z,2025-04-07T01:32:00.000Z,2025-04-07T07:06:00.000Z,2781,0.129901444,0.132978209,0.118388598,0.127817122,903942.65,50051768.89,2025-04-07T23:59:59.999Z
2025-04-06T00:00:00.000Z,2025-04-06T23:59:59.999Z,2025-04-06T02:15:00.000Z,2025-04-06T23:26:00.000Z,2781,0.158327293,0.15935899,0.12791819,0.129901444,798894.04,50868632.09,2025-04-06T23:59:59.999Z
2025-04-05T00:00:00.000Z,2025-04-05T23:59:59.999Z,2025-04-05T10:08:00.000Z,2025-04-05T16:07:00.000Z,2781,0.160144035,0.162267138,0.155273977,0.158327435,500025.4,62002769.24,2025-04-05T23:59:59.999Z
2025-04-04T00:00:00.000Z,2025-04-04T23:59:59.999Z,2025-04-04T09:37:00.000Z,2025-04-04T11:45:00.000Z,2781,0.159751306,0.160649218,0.155741367,0.160144064,447182.81,62716339.81,2025-04-04T23:59:59.999Z
2025-04-03T00:00:00.000Z,2025-04-03T23:59:59.999Z,2025-04-03T05:08:00.000Z,2025-04-03T15:19:00.000Z,2781,0.15727932,0.164358728,0.156089326,0.159751371,595922.06,62562953.26,2025-04-03T23:59:59.999Z
2025-04-02T00:00:00.000Z,2025-04-02T23:59:59.999Z,2025-04-02T20:22:00.000Z,2025-04-02T23:29:00.000Z,2781,0.166190251,0.168835247,0.157034247,0.15727932,536169.19,61614527.56,2025-04-02T23:59:59.999Z
2025-04-01T00:00:00.000Z,2025-04-01T23:59:59.999Z,2025-04-01T22:25:00.000Z,2025-04-01T00:20:00.000Z,2781,0.157275546,0.166645551,0.15713,0.166190251,561397.11,65110703.7,2025-04-01T23:59:59.999Z
2025-03-31T00:00:00.000Z,2025-03-31T23:59:59.999Z,2025-03-31T15:13:00.000Z,2025-03-31T23:59:00.000Z,2781,0.161732508,0.163780253,0.157275605,0.157275605,514710.83,61631077.49,2025-03-31T23:59:59.999Z
2025-03-30T00:00:00.000Z,2025-03-30T23:59:59.999Z,2025-03-30T10:04:00.000Z,2025-03-30T22:22:00.000Z,2781,0.165060006,0.167789776,0.160629972,0.161732508,434445.49,63377991.73,2025-03-30T23:59:59.999Z
2025-03-29T00:00:00.000Z,2025-03-29T23:59:59.999Z,2025-03-29T02:18:00.000Z,2025-03-29T17:28:00.000Z,2781,0.172952133,0.174899586,0.164620337,0.165060006,434990.99,64681286.01,2025-03-29T23:59:59.999Z
2025-03-28T00:00:00.000Z,2025-03-28T23:59:59.999Z,2025-03-28T01:47:00.000Z,2025-03-28T17:10:00.000Z,2781,0.184336742,0.185098509,0.170558183,0.172952194,522735.89,67773650.14,2025-03-28T23:59:59.999Z
2025-03-27T00:00:00.000Z,2025-03-27T23:59:59.999Z,2025-03-27T15:33:00.000Z,2025-03-27T00:07:00.000Z,2781,0.181732426,0.186428644,0.181683871,0.184336742,493540.01,72084652.25,2025-03-27T23:59:59.999Z
2025-03-26T00:00:00.000Z,2025-03-26T23:59:59.999Z,2025-03-26T00:22:00.000Z,2025-03-26T05:28:00.000Z,2781,0.18334988,0.184064476,0.177889581,0.181732426,457957.57,71068187.71,2025-03-26T23:59:59.999Z
2025-03-25T00:00:00.000Z,2025-03-25T23:59:59.999Z,2025-03-25T22:01:00.000Z,2025-03-25T04:15:00.000Z,2781,0.174202493,0.184452904,0.171560094,0.18334988,620970.84,71700708.63,2025-03-25T23:59:59.999Z
2025-03-24T00:00:00.000Z,2025-03-24T23:59:59.999Z,2025-03-24T13:17:00.000Z,2025-03-24T00:01:00.000Z,2781,0.164208364,0.177472212,0.164151538,0.174202436,692785.36,68123536.08,2025-03-24T23:59:59.999Z
2025-03-23T00:00:00.000Z,2025-03-23T23:59:59.999Z,2025-03-23T11:37:00.000Z,2025-03-23T21:25:00.000Z,2781,0.16458027,0.168235782,0.163825829,0.164208364,428225.77,64213627.1,2025-03-23T23:59:59.999Z
2025-03-22T00:00:00.000Z,2025-03-22T23:59:59.999Z,2025-03-22T09:54:00.000Z,2025-03-22T00:13:00.000Z,2781,0.1636826,0.166864923,0.163098198,0.164580306,473481.47,64113182.51,2025-03-22T23:59:59.999Z
2025-03-21T00:00:00.000Z,2025-03-21T23:59:59.999Z,2025-03-21T04:37:00.000Z,2025-03-21T14:22:00.000Z,2781,0.164278358,0.167165654,0.16127584,0.163682583,552307.67,63758945.28,2025-03-21T23:59:59.999Z
2025-03-20T00:00:00.000Z,2025-03-20T23:59:59.999Z,2025-03-20T00:07:00.000Z,2025-03-20T17:37:00.000Z,2781,0.172438556,0.174804082,0.161717586,0.164275113,525124.04,63991009.77,2025-03-20T23:59:59.999Z
2025-03-19T00:00:00.000Z,2025-03-19T23:59:59.999Z,2025-03-19T23:55:00.000Z,2025-03-19T00:01:00.000Z,2781,0.161386959,0.174532126,0.161362121,0.172438556,575834.18,67183468.28,2025-03-19T23:59:59.999Z
2025-03-18T00:00:00.000Z,2025-03-18T23:59:59.999Z,2025-03-18T00:07:00.000Z,2025-03-18T18:20:00.000Z,2781,0.166252518,0.166339505,0.157142437,0.161386959,607228.41,62877853.04,2025-03-18T23:59:59.999Z
2025-03-17T00:00:00.000Z,2025-03-17T23:59:59.999Z,2025-03-17T22:17:00.000Z,2025-03-17T00:46:00.000Z,2781,0.162270847,0.168142425,0.159738688,0.166238655,644247.98,64774623.74,2025-03-17T23:59:59.999Z
2025-03-16T00:00:00.000Z,2025-03-16T23:59:59.999Z,2025-03-16T00:02:00.000Z,2025-03-16T13:08:00.000Z,2781,0.16980221,0.169813167,0.16017759,0.162270847,555487.13,63228740.44,2025-03-16T23:59:59.999Z
2025-03-15T00:00:00.000Z,2025-03-15T23:59:59.999Z,2025-03-15T23:31:00.000Z,2025-03-15T01:29:00.000Z,2781,0.161981253,0.170780038,0.160562137,0.169802293,654579.13,66159503.1,2025-03-15T23:59:59.999Z
2025-03-14T00:00:00.000Z,2025-03-14T23:59:59.999Z,2025-03-14T20:09:00.000Z,2025-03-14T11:40:00.000Z,2781,0.155303737,0.163101063,0.154656532,0.161981253,673885.63,63112366.98,2025-03-14T23:59:59.999Z
2025-03-13T00:00:00.000Z,2025-03-13T23:59:59.999Z,2025-03-13T02:47:00.000Z,2025-03-13T18:02:00.000Z,2781,0.155272244,0.158295359,0.151241626,0.155303737,671674.83,60517239.2,2025-03-13T23:59:59.999Z
2025-03-12T00:00:00.000Z,2025-03-12T23:59:59.999Z,2025-03-12T01:58:00.000Z,2025-03-12T18:19:00.000Z,2781,0.156188685,0.160127699,0.150514645,0.155272244,1027613.45,60505444.41,2025-03-12T23:59:59.999Z
2025-03-11T00:00:00.000Z,2025-03-11T23:59:59.999Z,2025-03-11T10:52:00.000Z,2025-03-11T16:08:00.000Z,2781,0.15570265,0.158946457,0.147538542,0.156188685,1275568.66,60863724.1,2025-03-11T23:59:59.999Z
2025-03-10T00:00:00.000Z,2025-03-10T23:59:59.999Z,2025-03-10T12:07:00.000Z,2025-03-10T19:27:00.000Z,2781,0.172067146,0.181267678,0.14826244,0.155671549,1405096.82,60685881.34,2025-03-10T23:59:59.999Z
2025-03-09T00:00:00.000Z,2025-03-09T23:59:59.999Z,2025-03-09T08:06:00.000Z,2025-03-09T18:26:00.000Z,2781,0.214869181,0.218059135,0.169928307,0.172067146,1775487.79,67064024.88,2025-03-09T23:59:59.999Z
2025-03-08T00:00:00.000Z,2025-03-08T23:59:59.999Z,2025-03-08T20:19:00.000Z,2025-03-08T10:16:00.000Z,2781,0.212590377,0.222656311,0.210795957,0.214869292,492308.82,83748828.93,2025-03-08T23:59:59.999Z
2025-03-07T00:00:00.000Z,2025-03-07T23:59:59.999Z,2025-03-07T00:16:00.000Z,2025-03-07T22:41:00.000Z,2781,0.226984841,0.227391728,0.211913841,0.212590319,896890.62,82863502.65,2025-03-07T23:59:59.999Z
2025-03-06T00:00:00.000Z,2025-03-06T23:59:59.999Z,2025-03-06T12:08:00.000Z,2025-03-06T20:46:00.000Z,2781,0.230505741,0.24400081,0.225174698,0.226984843,1491809.23,88485716.28,2025-03-06T23:59:59.999Z
2025-03-05T00:00:00.000Z,2025-03-05T23:59:59.999Z,2025-03-05T22:29:00.000Z,2025-03-05T01:07:00.000Z,2781,0.221470345,0.234201311,0.215238613,0.230505741,962226.64,89933032.39,2025-03-05T23:59:59.999Z
2025-03-04T00:00:00.000Z,2025-03-04T23:59:59.999Z,2025-03-04T23:58:00.000Z,2025-03-04T15:28:00.000Z,2781,0.220107375,0.221498879,0.202005128,0.221470345,969646.97,86402434.52,2025-03-04T23:59:59.999Z
2025-03-03T00:00:00.000Z,2025-03-03T23:59:59.999Z,2025-03-03T00:05:00.000Z,2025-03-03T20:04:00.000Z,2781,0.261624887,0.262490723,0.212986716,0.220107375,950967.01,85870697.76,2025-03-03T23:59:59.999Z
2025-03-02T00:00:00.000Z,2025-03-02T23:59:59.999Z,2025-03-02T21:40:00.000Z,2025-03-02T14:58:00.000Z,2781,0.206422209,0.267530164,0.201599512,0.261624887,1433449.25,102067815,2025-03-02T23:59:59.999Z
2025-03-01T00:00:00.000Z,2025-03-01T23:59:59.999Z,2025-03-01T10:15:00.000Z,2025-03-01T14:13:00.000Z,2781,0.202699678,0.20815104,0.20020183,0.206422305,613062.3,80540759.23,2025-03-01T23:59:59.999Z
2025-02-28T00:00:00.000Z,2025-02-28T23:59:59.999Z,2025-02-28T01:13:00.000Z,2025-02-28T08:33:00.000Z,2781,0.212810966,0.214311608,0.190304882,0.202699678,1168259.15,79089334.75,2025-02-28T23:59:59.999Z
2025-02-27T00:00:00.000Z,2025-02-27T23:59:59.999Z,2025-02-27T11:20:00.000Z,2025-02-27T21:09:00.000Z,2781,0.215550199,0.219634515,0.209110841,0.212810966,690274.72,82989729.8,2025-02-27T23:59:59.999Z
2025-02-26T00:00:00.000Z,2025-02-26T23:59:59.999Z,2025-02-26T04:53:00.000Z,2025-02-26T20:27:00.000Z,2781,0.231051956,0.232847331,0.211951015,0.215550199,816459.69,84058972.71,2025-02-26T23:59:59.999Z
2025-02-25T00:00:00.000Z,2025-02-25T23:59:59.999Z,2025-02-25T23:38:00.000Z,2025-02-25T15:33:00.000Z,2781,0.239808508,0.24125952,0.21247042,0.231051956,1263306.65,90112173.34,2025-02-25T23:59:59.999Z
2025-02-24T00:00:00.000Z,2025-02-24T23:59:59.999Z,2025-02-24T00:28:00.000Z,2025-02-24T23:58:00.000Z,2781,0.277963437,0.278799824,0.239700056,0.239808508,678228.62,93506101.32,2025-02-24T23:59:59.999Z
2025-02-23T00:00:00.000Z,2025-02-23T23:59:59.999Z,2025-02-23T08:04:00.000Z,2025-02-23T22:59:00.000Z,2781,0.277309056,0.282552353,0.275212838,0.277963437,488383.05,108446227.4,2025-02-23T23:59:59.999Z
2025-02-22T00:00:00.000Z,2025-02-22T23:59:59.999Z,2025-02-22T22:23:00.000Z,2025-02-22T00:00:00.000Z,2781,0.257357234,0.279641973,0.257347169,0.277309081,560301.39,108183877.2,2025-02-22T23:59:59.999Z
2025-02-21T00:00:00.000Z,2025-02-21T23:59:59.999Z,2025-02-21T09:43:00.000Z,2025-02-21T21:55:00.000Z,2781,0.279573725,0.285698949,0.254521511,0.257357234,688336.34,100423585,2025-02-21T23:59:59.999Z
2025-02-20T00:00:00.000Z,2025-02-20T23:59:59.999Z,2025-02-20T02:20:00.000Z,2025-02-20T00:40:00.000Z,2781,0.27176107,0.284554644,0.271144908,0.279573725,759620.29,109092700.9,2025-02-20T23:59:59.999Z
2025-02-19T00:00:00.000Z,2025-02-19T23:59:59.999Z,2025-02-19T20:53:00.000Z,2025-02-19T01:44:00.000Z,2781,0.259128926,0.273115046,0.256044865,0.27176107,575630.17,106068981.3,2025-02-19T23:59:59.999Z
2025-02-18T00:00:00.000Z,2025-02-18T23:59:59.999Z,2025-02-18T00:16:00.000Z,2025-02-18T21:02:00.000Z,2781,0.281801355,0.282738692,0.253720504,0.259128875,935192.44,101136886.6,2025-02-18T23:59:59.999Z
2025-02-17T00:00:00.000Z,2025-02-17T23:59:59.999Z,2025-02-17T15:37:00.000Z,2025-02-17T05:55:00.000Z,2781,0.275953609,0.299043657,0.271386512,0.281801355,613726.49,109979624.2,2025-02-17T23:59:59.999Z
2025-02-16T00:00:00.000Z,2025-02-16T23:59:59.999Z,2025-02-16T20:19:00.000Z,2025-02-16T09:27:00.000Z,2781,0.27551786,0.279701303,0.273198805,0.275953609,471034.35,107697403.4,2025-02-16T23:59:59.999Z
2025-02-15T00:00:00.000Z,2025-02-15T23:59:59.999Z,2025-02-15T03:34:00.000Z,2025-02-15T17:34:00.000Z,2781,0.27708456,0.278956977,0.269268309,0.275517894,545609.2,107528945.1,2025-02-15T23:59:59.999Z
2025-02-14T00:00:00.000Z,2025-02-14T23:59:59.999Z,2025-02-14T18:58:00.000Z,2025-02-14T13:32:00.000Z,2781,0.276916744,0.283171848,0.272358142,0.27708456,606477.64,108140395.6,2025-02-14T23:59:59.999Z
2025-02-13T00:00:00.000Z,2025-02-13T23:59:59.999Z,2025-02-13T00:21:00.000Z,2025-02-13T19:34:00.000Z,2781,0.29675202,0.298354369,0.27097921,0.276916744,866339.21,107357590.8,2025-02-13T23:59:59.999Z
2025-02-12T00:00:00.000Z,2025-02-12T23:59:59.999Z,2025-02-12T22:46:00.000Z,2025-02-12T14:42:00.000Z,2781,0.282908368,0.302249047,0.275821831,0.29675202,806577.41,114873381.9,2025-02-12T23:59:59.999Z
2025-02-11T00:00:00.000Z,2025-02-11T23:59:59.999Z,2025-02-11T12:37:00.000Z,2025-02-11T20:32:00.000Z,2781,0.28362884,0.296654884,0.281447723,0.282908275,812696.93,109514472.4,2025-02-11T23:59:59.999Z
2025-02-10T00:00:00.000Z,2025-02-10T23:59:59.999Z,2025-02-10T18:43:00.000Z,2025-02-10T02:50:00.000Z,2781,0.282422571,0.291502181,0.276291362,0.28362884,891831.62,109792295.9,2025-02-10T23:59:59.999Z
2025-02-09T00:00:00.000Z,2025-02-09T23:59:59.999Z,2025-02-09T17:17:00.000Z,2025-02-09T22:05:00.000Z,2781,0.279915357,0.287380223,0.275509909,0.282422571,805512.87,109317026.2,2025-02-09T23:59:59.999Z
2025-02-08T00:00:00.000Z,2025-02-08T23:59:59.999Z,2025-02-08T22:19:00.000Z,2025-02-08T07:37:00.000Z,2781,0.276611365,0.292678449,0.274637472,0.279915357,838509.03,108310971.4,2025-02-08T23:59:59.999Z
2025-02-07T00:00:00.000Z,2025-02-07T23:59:59.999Z,2025-02-07T14:52:00.000Z,2025-02-07T22:52:00.000Z,2781,0.284547073,0.30294085,0.272366005,0.276611365,1192259.65,106992066.2,2025-02-07T23:59:59.999Z
2025-02-06T00:00:00.000Z,2025-02-06T23:59:59.999Z,2025-02-06T10:04:00.000Z,2025-02-06T16:51:00.000Z,2781,0.288299121,0.300119397,0.282900622,0.284546914,841037.39,110077822.9,2025-02-06T23:59:59.999Z
2025-02-05T00:00:00.000Z,2025-02-05T23:59:59.999Z,2025-02-05T14:49:00.000Z,2025-02-05T23:25:00.000Z,2781,0.292716053,0.304612531,0.284637573,0.288299121,779468.03,111529665.1,2025-02-05T23:59:59.999Z
2025-02-04T00:00:00.000Z,2025-02-04T23:59:59.999Z,2025-02-04T04:45:00.000Z,2025-02-04T22:07:00.000Z,2781,0.312703369,0.324622759,0.28664029,0.292716053,985695.74,113197711.5,2025-02-04T23:59:59.999Z
2025-02-03T00:00:00.000Z,2025-02-03T23:59:59.999Z,2025-02-03T22:41:00.000Z,2025-02-03T02:20:00.000Z,2781,0.290739888,0.31579677,0.245955932,0.312703369,1901170.43,120927426.4,2025-02-03T23:59:59.999Z
2025-02-02T00:00:00.000Z,2025-02-02T23:59:59.999Z,2025-02-02T01:22:00.000Z,2025-02-02T23:37:00.000Z,2781,0.350640869,0.353217783,0.282776912,0.290739888,1177931.64,112452513.8,2025-02-02T23:59:59.999Z
2025-02-01T00:00:00.000Z,2025-02-01T23:59:59.999Z,2025-02-01T02:26:00.000Z,2025-02-01T23:13:00.000Z,2781,0.38903837,0.393127989,0.349913513,0.350641099,721499.5,135650012.4,2025-02-01T23:59:59.999Z
2025-01-31T00:00:00.000Z,2025-01-31T23:59:59.999Z,2025-01-31T16:22:00.000Z,2025-01-31T05:04:00.000Z,2781,0.403331879,0.409295509,0.381842557,0.389047826,961989.15,150492940.1,2025-01-31T23:59:59.999Z
2025-01-30T00:00:00.000Z,2025-01-30T23:59:59.999Z,2025-01-30T18:22:00.000Z,2025-01-30T00:43:00.000Z,2781,0.389954714,0.407707404,0.382230206,0.403331879,865314.77,156008136.7,2025-01-30T23:59:59.999Z
2025-01-29T00:00:00.000Z,2025-01-29T23:59:59.999Z,2025-01-29T21:07:00.000Z,2025-01-29T10:21:00.000Z,2781,0.3709104,0.394152259,0.366830966,0.389931488,1093925.39,150830988.9,2025-01-29T23:59:59.999Z
2025-01-28T00:00:00.000Z,2025-01-28T23:59:59.999Z,2025-01-28T07:57:00.000Z,2025-01-28T22:16:00.000Z,2781,0.381748359,0.398775953,0.369487727,0.370910569,847958.43,143477322.3,2025-01-28T23:59:59.999Z
2025-01-27T00:00:00.000Z,2025-01-27T23:59:59.999Z,2025-01-27T00:01:00.000Z,2025-01-27T11:11:00.000Z,2781,0.42152071,0.421695219,0.355546327,0.381748359,1723925.6,147669712.9,2025-01-27T23:59:59.999Z
2025-01-26T00:00:00.000Z,2025-01-26T23:59:59.999Z,2025-01-26T21:07:00.000Z,2025-01-26T23:52:00.000Z,2781,0.423257447,0.441486192,0.421148655,0.42152071,809725.59,163264908.6,2025-01-26T23:59:59.999Z
2025-01-25T00:00:00.000Z,2025-01-25T23:59:59.999Z,2025-01-25T03:47:00.000Z,2025-01-25T22:37:00.000Z,2781,0.43236588,0.441381035,0.412832111,0.423252001,945555.27,163937925.8,2025-01-25T23:59:59.999Z
2025-01-24T00:00:00.000Z,2025-01-24T23:59:59.999Z,2025-01-24T08:37:00.000Z,2025-01-24T03:29:00.000Z,2781,0.440700657,0.458983068,0.429635493,0.432362567,847953.92,167461334.9,2025-01-24T23:59:59.999Z
2025-01-23T00:00:00.000Z,2025-01-23T23:59:59.999Z,2025-01-23T00:58:00.000Z,2025-01-23T19:37:00.000Z,2781,0.46210468,0.4631568,0.415272705,0.440700657,1165856.59,170687726.4,2025-01-23T23:59:59.999Z
2025-01-22T00:00:00.000Z,2025-01-22T23:59:59.999Z,2025-01-22T01:57:00.000Z,2025-01-22T19:16:00.000Z,2781,0.47483758,0.494077632,0.458604182,0.46210468,1225882.64,178976468.2,2025-01-22T23:59:59.999Z
2025-01-21T00:00:00.000Z,2025-01-21T23:59:59.999Z,2025-01-21T11:20:00.000Z,2025-01-21T01:37:00.000Z,2781,0.432230651,0.510139297,0.427310261,0.47483758,1973296.91,183936060.9,2025-01-21T23:59:59.999Z
2025-01-20T00:00:00.000Z,2025-01-20T23:59:59.999Z,2025-01-20T09:00:00.000Z,2025-01-20T17:54:00.000Z,2781,0.453737813,0.47411074,0.428985666,0.432858218,1527651.66,167414565.4,2025-01-20T23:59:59.999Z
2025-01-19T00:00:00.000Z,2025-01-19T23:59:59.999Z,2025-01-19T02:24:00.000Z,2025-01-19T23:35:00.000Z,2781,0.51349575,0.517331107,0.450137777,0.453737228,2315163.33,175618410.2,2025-01-19T23:59:59.999Z
2025-01-18T00:00:00.000Z,2025-01-18T23:59:59.999Z,2025-01-18T00:50:00.000Z,2025-01-18T22:08:00.000Z,2781,0.607312901,0.609498191,0.501960363,0.51349575,1612278.95,198687213.9,2025-01-18T23:59:59.999Z
2025-01-17T00:00:00.000Z,2025-01-17T23:59:59.999Z,2025-01-17T21:32:00.000Z,2025-01-17T18:11:00.000Z,2781,0.584922239,0.627553956,0.5792608,0.607312901,1736170.37,234993178.6,2025-01-17T23:59:59.999Z
2025-01-16T00:00:00.000Z,2025-01-16T23:59:59.999Z,2025-01-16T00:16:00.000Z,2025-01-16T10:32:00.000Z,2781,0.618843782,0.620373247,0.575593671,0.584922239,1580557.93,226311695.9,2025-01-16T23:59:59.999Z
2025-01-15T00:00:00.000Z,2025-01-15T23:59:59.999Z,2025-01-15T23:40:00.000Z,2025-01-15T13:25:00.000Z,2781,0.567347898,0.619560106,0.540520592,0.618833498,1615066.14,239436247.3,2025-01-15T23:59:59.999Z
2025-01-14T00:00:00.000Z,2025-01-14T23:59:59.999Z,2025-01-14T23:16:00.000Z,2025-01-14T02:19:00.000Z,2781,0.511153438,0.568398006,0.480388543,0.567347898,2249541.9,219495004.5,2025-01-14T23:59:59.999Z
2025-01-13T00:00:00.000Z,2025-01-13T23:59:59.999Z,2025-01-13T00:47:00.000Z,2025-01-13T14:37:00.000Z,2781,0.567700112,0.578254832,0.466634279,0.511153438,2451628.66,197780164.8,2025-01-13T23:59:59.999Z
2025-01-12T00:00:00.000Z,2025-01-12T23:59:59.999Z,2025-01-12T03:13:00.000Z,2025-01-12T22:55:00.000Z,2781,0.57994791,0.584561623,0.559004398,0.567700112,794288.17,219659311.8,2025-01-12T23:59:59.999Z
2025-01-11T00:00:00.000Z,2025-01-11T23:59:59.999Z,2025-01-11T23:44:00.000Z,2025-01-11T09:04:00.000Z,2781,0.56835478,0.58124423,0.53839249,0.57994791,1447685.71,224408584.7,2025-01-11T23:59:59.999Z
2025-01-10T00:00:00.000Z,2025-01-10T23:59:59.999Z,2025-01-10T11:03:00.000Z,2025-01-10T15:22:00.000Z,2781,0.563497348,0.610724825,0.540416141,0.568356035,1505615.89,219364859.3,2025-01-10T23:59:59.999Z
2025-01-09T00:00:00.000Z,2025-01-09T23:59:59.999Z,2025-01-09T01:50:00.000Z,2025-01-09T20:35:00.000Z,2781,0.621977075,0.629089456,0.558466298,0.563504084,1816580.43,217495344.5,2025-01-09T23:59:59.999Z
2025-01-08T00:00:00.000Z,2025-01-08T23:59:59.999Z,2025-01-08T00:19:00.000Z,2025-01-08T17:46:00.000Z,2781,0.665298972,0.670975255,0.610144374,0.621977075,1469179.5,240069212.8,2025-01-08T23:59:59.999Z
2025-01-07T00:00:00.000Z,2025-01-07T23:59:59.999Z,2025-01-07T02:06:00.000Z,2025-01-07T22:19:00.000Z,2781,0.725910533,0.729709579,0.653784841,0.665298972,2228894.17,256740672.6,2025-01-07T23:59:59.999Z
2025-01-06T00:00:00.000Z,2025-01-06T23:59:59.999Z,2025-01-06T15:38:00.000Z,2025-01-06T09:04:00.000Z,2781,0.663043189,0.785710578,0.65061617,0.726071189,4102917.23,280192341,2025-01-06T23:59:59.999Z
2025-01-05T00:00:00.000Z,2025-01-05T23:59:59.999Z,2025-01-05T00:01:00.000Z,2025-01-05T18:34:00.000Z,2781,0.700868585,0.701173434,0.656269872,0.663043189,1987653.68,255868407.6,2025-01-05T23:59:59.999Z
2025-01-04T00:00:00.000Z,2025-01-04T23:59:59.999Z,2025-01-04T00:03:00.000Z,2025-01-04T16:10:00.000Z,2781,0.729395852,0.729694794,0.68728603,0.700868585,1746756.12,270488574.3,2025-01-04T23:59:59.999Z
2025-01-03T00:00:00.000Z,2025-01-03T23:59:59.999Z,2025-01-03T18:55:00.000Z,2025-01-03T09:10:00.000Z,2781,0.692188646,0.745325307,0.686994105,0.729395852,1832772.28,281498344.2,2025-01-03T23:59:59.999Z
2025-01-02T00:00:00.000Z,2025-01-02T23:59:59.999Z,2025-01-02T23:50:00.000Z,2025-01-02T00:09:00.000Z,2781,0.641467933,0.698309845,0.639788837,0.692188646,1379576.64,267214325,2025-01-02T23:59:59.999Z
2025-01-01T00:00:00.000Z,2025-01-01T23:59:59.999Z,2025-01-01T02:57:00.000Z,2025-01-01T09:58:00.000Z,2781,0.668387315,0.676808294,0.623645372,0.641467012,1907260.04,247617930.9,2025-01-01T23:59:59.999Z
2024-12-31T00:00:00.000Z,2024-12-31T23:59:59.999Z,2024-12-31T14:13:00.000Z,2024-12-31T23:45:00.000Z,2781,0.69192946,0.700018802,0.667423477,0.668387315,1841350.73,257845817.4,2024-12-31T23:59:59.999Z
2024-12-30T00:00:00.000Z,2024-12-30T23:59:59.999Z,2024-12-30T20:29:00.000Z,2024-12-30T00:04:00.000Z,2781,0.6144172,0.696004373,0.613075844,0.69192946,3309807.11,266785828.1,2024-12-30T23:59:59.999Z
2024-12-29T00:00:00.000Z,2024-12-29T23:59:59.999Z,2024-12-29T00:08:00.000Z,2024-12-29T23:19:00.000Z,2781,0.705789094,0.707163173,0.609240641,0.614417253,2957160.63,237349428.7,2024-12-29T23:59:59.999Z
2024-12-28T00:00:00.000Z,2024-12-28T23:59:59.999Z,2024-12-28T18:38:00.000Z,2024-12-28T03:11:00.000Z,2781,0.706949581,0.716750603,0.695398421,0.705789094,1686437.17,272727255.6,2024-12-28T23:59:59.999Z
2024-12-27T00:00:00.000Z,2024-12-27T23:59:59.999Z,2024-12-27T12:41:00.000Z,2024-12-27T22:13:00.000Z,2781,0.713026613,0.744672777,0.706223327,0.706949581,2098399.1,273110960.9,2024-12-27T23:59:59.999Z
2024-12-26T00:00:00.000Z,2024-12-26T23:59:59.999Z,2024-12-26T03:09:00.000Z,2024-12-26T19:39:00.000Z,2781,0.741610552,0.753912153,0.702522388,0.713031512,2399273.22,266910824.9,2024-12-26T23:59:59.999Z
2024-12-25T00:00:00.000Z,2024-12-25T23:59:59.999Z,2024-12-25T15:26:00.000Z,2024-12-25T21:36:00.000Z,2781,0.758052911,0.769426548,0.737911321,0.741610552,1776729.97,277679592.2,2024-12-25T23:59:59.999Z
2024-12-24T00:00:00.000Z,2024-12-24T23:59:59.999Z,2024-12-24T23:58:00.000Z,2024-12-24T07:16:00.000Z,2781,0.734236374,0.758097974,0.713817582,0.758052911,2256431.29,283903261.7,2024-12-24T23:59:59.999Z
2024-12-23T00:00:00.000Z,2024-12-23T23:59:59.999Z,2024-12-23T23:59:00.000Z,2024-12-23T05:03:00.000Z,2781,0.649505673,0.734236374,0.62708824,0.734236374,3888156.65,274989984.3,2024-12-23T23:59:59.999Z
2024-12-22T00:00:00.000Z,2024-12-22T23:59:59.999Z,2024-12-22T01:34:00.000Z,2024-12-22T22:38:00.000Z,2781,0.746374716,0.75658895,0.637633672,0.649505673,4772655.35,243216316.6,2024-12-22T23:59:59.999Z
2024-12-21T00:00:00.000Z,2024-12-21T23:59:59.999Z,2024-12-21T07:52:00.000Z,2024-12-21T19:43:00.000Z,2781,0.775937365,0.888637134,0.73002846,0.746374716,5020991.91,279528896.6,2024-12-21T23:59:59.999Z
2024-12-20T00:00:00.000Z,2024-12-20T23:59:59.999Z,2024-12-20T23:36:00.000Z,2024-12-20T12:02:00.000Z,2781,0.639638795,0.791581831,0.568312782,0.775937365,6243472.09,290418161.6,2024-12-20T23:59:59.999Z
2024-12-19T00:00:00.000Z,2024-12-19T23:59:59.999Z,2024-12-19T00:37:00.000Z,2024-12-19T23:40:00.000Z,2781,0.698894435,0.700222958,0.638396107,0.639638795,3730737.06,239518409.2,2024-12-19T23:59:59.999Z
2024-12-18T00:00:00.000Z,2024-12-18T23:59:59.999Z,2024-12-18T00:10:00.000Z,2024-12-18T23:59:00.000Z,2781,0.785384889,0.786354482,0.698894435,0.698894435,5355131.73,261792617,2024-12-18T23:59:59.999Z
2024-12-17T00:00:00.000Z,2024-12-17T23:59:59.999Z,2024-12-17T00:37:00.000Z,2024-12-17T23:59:00.000Z,2781,0.928127312,0.92850143,0.785416579,0.785416579,4381435.88,294189259.8,2024-12-17T23:59:59.999Z
2024-12-16T00:00:00.000Z,2024-12-16T23:59:59.999Z,2024-12-16T01:24:00.000Z,2024-12-16T15:34:00.000Z,2781,0.999839733,1.014832954,0.918827956,0.928127312,3905821.82,347656123.2,2024-12-16T23:59:59.999Z
2024-12-15T00:00:00.000Z,2024-12-15T23:59:59.999Z,2024-12-15T17:42:00.000Z,2024-12-15T00:04:00.000Z,2781,0.926317677,1.013068346,0.92120601,0.999839733,5016490.5,374515306.6,2024-12-15T23:59:59.999Z
2024-12-14T00:00:00.000Z,2024-12-14T23:59:59.999Z,2024-12-14T17:32:00.000Z,2024-12-14T00:00:00.000Z,2781,0.827616319,0.974689122,0.827599762,0.926317677,7265376.85,346887496.1,2024-12-14T23:59:59.999Z
2024-12-13T00:00:00.000Z,2024-12-13T23:59:59.999Z,2024-12-13T08:19:00.000Z,2024-12-13T23:12:00.000Z,2781,0.964887651,0.972395682,0.824288661,0.827616319,6046546.27,309912499.5,2024-12-13T23:59:59.999Z
2024-12-12T00:00:00.000Z,2024-12-12T23:59:59.999Z,2024-12-12T23:58:00.000Z,2024-12-12T01:21:00.000Z,2781,0.801603257,0.967762305,0.800774347,0.964887651,5860555.18,360916455.8,2024-12-12T23:59:59.999Z
2024-12-11T00:00:00.000Z,2024-12-11T23:59:59.999Z,2024-12-11T16:06:00.000Z,2024-12-11T02:02:00.000Z,2781,0.699404927,0.819265836,0.692899344,0.801603257,5370473.95,299868842.7,2024-12-11T23:59:59.999Z
2024-12-10T00:00:00.000Z,2024-12-10T23:59:59.999Z,2024-12-10T14:17:00.000Z,2024-12-10T03:47:00.000Z,2781,0.681947353,0.715856661,0.671995578,0.699404927,4441463.67,260388109.6,2024-12-10T23:59:59.999Z
2024-12-09T00:00:00.000Z,2024-12-09T23:59:59.999Z,2024-12-09T01:10:00.000Z,2024-12-09T23:38:00.000Z,2781,0.795410277,0.798315955,0.679626873,0.681947353,5093346.73,257252316.7,2024-12-09T23:59:59.999Z
2024-12-08T00:00:00.000Z,2024-12-08T23:59:59.999Z,2024-12-08T11:31:00.000Z,2024-12-08T02:44:00.000Z,2781,0.761261641,0.815090994,0.759942642,0.793240511,5820619.19,299036133.4,2024-12-08T23:59:59.999Z
2024-12-07T00:00:00.000Z,2024-12-07T23:59:59.999Z,2024-12-07T22:27:00.000Z,2024-12-07T00:01:00.000Z,2781,0.622486948,0.775545057,0.622413738,0.758707241,6454999.44,286018642,2024-12-07T23:59:59.999Z
2024-12-06T00:00:00.000Z,2024-12-06T23:59:59.999Z,2024-12-06T06:32:00.000Z,2024-12-06T00:22:00.000Z,2781,0.587584241,0.668250442,0.580382909,0.622486948,3089926.05,234685575,2024-12-06T23:59:59.999Z
2024-12-05T00:00:00.000Z,2024-12-05T23:59:59.999Z,2024-12-05T10:14:00.000Z,2024-12-05T22:48:00.000Z,2781,0.592540779,0.700212508,0.575089425,0.580023599,8552842.45,218877473.6,2024-12-05T23:59:59.999Z
2024-12-04T00:00:00.000Z,2024-12-04T23:59:59.999Z,2024-12-04T23:52:00.000Z,2024-12-04T02:25:00.000Z,2781,0.381261857,0.598016701,0.378296343,0.592540618,7861195.11,220862514.8,2024-12-04T23:59:59.999Z
2024-12-03T00:00:00.000Z,2024-12-03T23:59:59.999Z,2024-12-03T23:18:00.000Z,2024-12-03T07:50:00.000Z,2781,0.376461867,0.391183225,0.375002973,0.381261857,1732685.07,142179135.7,2024-12-03T23:59:59.999Z
2024-12-02T00:00:00.000Z,2024-12-02T23:59:59.999Z,2024-12-02T00:04:00.000Z,2024-12-02T18:03:00.000Z,2781,0.384310588,0.384331716,0.373527486,0.376459789,1576558.54,140555266.3,2024-12-02T23:59:59.999Z
2024-12-01T00:00:00.000Z,2024-12-01T23:59:59.999Z,2024-12-01T00:00:00.000Z,2024-12-01T14:05:00.000Z,2781,0.428269003,0.428269003,0.374334683,0.38693088,2309198.7,144445002.4,2024-12-01T23:59:59.999Z
2024-11-30T00:00:00.000Z,2024-11-30T23:59:59.999Z,2024-11-30T23:58:00.000Z,2024-11-30T00:21:00.000Z,2781,0.317729717,0.432019663,0.316686651,0.428269003,3210641.35,159874183.9,2024-11-30T23:59:59.999Z
2024-11-29T00:00:00.000Z,2024-11-29T23:59:59.999Z,2024-11-29T23:53:00.000Z,2024-11-29T01:25:00.000Z,2781,0.298166372,0.318066253,0.297070012,0.317729717,2012204.61,118607569.5,2024-11-29T23:59:59.999Z
2024-11-28T00:00:00.000Z,2024-11-28T23:59:59.999Z,2024-11-28T02:36:00.000Z,2024-11-28T16:57:00.000Z,2781,0.299196712,0.300156783,0.296616243,0.298166018,1439423.53,111289666.9,2024-11-28T23:59:59.999Z
2024-11-27T00:00:00.000Z,2024-11-27T23:59:59.999Z,2024-11-27T19:43:00.000Z,2024-11-27T12:46:00.000Z,2781,0.300342305,0.302632791,0.296678922,0.299196712,2473271.51,111615859.4,2024-11-27T23:59:59.999Z
2024-11-26T00:00:00.000Z,2024-11-26T23:59:59.999Z,2024-11-26T00:40:00.000Z,2024-11-26T18:48:00.000Z,2781,0.317574352,0.317601153,0.299636255,0.300342305,1530321.42,112056642.4,2024-11-26T23:59:59.999Z
2024-11-25T00:00:00.000Z,2024-11-25T23:59:59.999Z,2024-11-25T10:21:00.000Z,2024-11-25T03:13:00.000Z,2781,0.319108938,0.339739767,0.313363433,0.317574365,1899080.08,118484735.1,2024-11-25T23:59:59.999Z
2024-11-24T00:00:00.000Z,2024-11-24T23:59:59.999Z,2024-11-24T23:15:00.000Z,2024-11-24T02:09:00.000Z,2781,0.288397023,0.319482438,0.287117223,0.319109135,2462364.51,119070780.2,2024-11-24T23:59:59.999Z
2024-11-23T00:00:00.000Z,2024-11-23T23:59:59.999Z,2024-11-23T22:25:00.000Z,2024-11-23T00:17:00.000Z,2781,0.252759334,0.290412328,0.251934135,0.288397023,1444751.34,107647625.3,2024-11-23T23:59:59.999Z
2024-11-22T00:00:00.000Z,2024-11-22T23:59:59.999Z,2024-11-22T23:13:00.000Z,2024-11-22T16:01:00.000Z,2781,0.250306924,0.256761031,0.246735889,0.252759319,1109646,94345430.6,2024-11-22T23:59:59.999Z
2024-11-21T00:00:00.000Z,2024-11-21T23:59:59.999Z,2024-11-21T13:49:00.000Z,2024-11-21T02:47:00.000Z,2781,0.241765069,0.251664592,0.240896971,0.250306924,1030487.86,93429538.89,2024-11-21T23:59:59.999Z
2024-11-20T00:00:00.000Z,2024-11-20T23:59:59.999Z,2024-11-20T14:24:00.000Z,2024-11-20T18:49:00.000Z,2781,0.241822567,0.244470668,0.240315467,0.241765545,774992.47,90235022.38,2024-11-20T23:59:59.999Z
2024-11-19T00:00:00.000Z,2024-11-19T23:59:59.999Z,2024-11-19T00:11:00.000Z,2024-11-19T21:28:00.000Z,2781,0.244031773,0.244271099,0.241134591,0.241822567,661066.84,90318887.57,2024-11-19T23:59:59.999Z
2024-11-18T00:00:00.000Z,2024-11-18T23:59:59.999Z,2024-11-18T02:01:00.000Z,2024-11-18T19:36:00.000Z,2781,0.244650988,0.245266434,0.241468491,0.244031773,1474053.72,91142056.72,2024-11-18T23:59:59.999Z
2024-11-17T00:00:00.000Z,2024-11-17T23:59:59.999Z,2024-11-17T10:40:00.000Z,2024-11-17T23:58:00.000Z,2781,0.246570671,0.248453809,0.24464172,0.244650988,879951.75,91338473.04,2024-11-17T23:59:59.999Z
2024-11-16T00:00:00.000Z,2024-11-16T23:59:59.999Z,2024-11-16T12:07:00.000Z,2024-11-16T00:46:00.000Z,2781,0.246503339,0.249414894,0.24546746,0.246570671,985329.1,92065726.78,2024-11-16T23:59:59.999Z
2024-11-15T00:00:00.000Z,2024-11-15T23:59:59.999Z,2024-11-15T00:45:00.000Z,2024-11-15T20:38:00.000Z,2781,0.266892774,0.268339812,0.246522209,0.247601657,1205910.42,92446647.44,2024-11-15T23:59:59.999Z
2024-11-14T00:00:00.000Z,2024-11-14T23:59:59.999Z,2024-11-14T00:01:00.000Z,2024-11-14T23:58:00.000Z,2781,0.297587643,0.297592628,0.266774256,0.266892774,1485753.2,91048219.61,2024-11-14T23:59:59.999Z
2024-11-13T00:00:00.000Z,2024-11-13T23:59:59.999Z,2024-11-13T01:55:00.000Z,2024-11-13T23:58:00.000Z,2781,0.32310586,0.323795849,0.297336989,0.297587643,1214788.4,103363961.6,2024-11-13T23:59:59.999Z
2024-11-12T00:00:00.000Z,2024-11-12T23:59:59.999Z,2024-11-12T07:29:00.000Z,2024-11-12T23:48:00.000Z,2781,0.344287637,0.348839479,0.321663865,0.32310586,970065.11,112201148.2,2024-11-12T23:59:59.999Z
2024-11-11T00:00:00.000Z,2024-11-11T23:59:59.999Z,2024-11-11T23:58:00.000Z,2024-11-11T00:01:00.000Z,2781,0.293792132,0.344855875,0.293770059,0.344287637,1506852.57,119556460.3,2024-11-11T23:59:59.999Z
2024-11-10T00:00:00.000Z,2024-11-10T23:59:59.999Z,2024-11-10T23:52:00.000Z,2024-11-10T01:55:00.000Z,2781,0.263570265,0.294584272,0.26070312,0.293792132,1321109.87,91295186.56,2024-11-10T23:59:59.999Z
2024-11-09T00:00:00.000Z,2024-11-09T23:59:59.999Z,2024-11-09T23:25:00.000Z,2024-11-09T04:33:00.000Z,2781,0.247048066,0.264660599,0.244971516,0.263570265,888707.55,81913289.63,2024-11-09T23:59:59.999Z
2024-11-08T00:00:00.000Z,2024-11-08T23:59:59.999Z,2024-11-08T06:05:00.000Z,2024-11-08T17:44:00.000Z,2781,0.249149835,0.25940041,0.243685468,0.247048066,1216422.85,76779130.28,2024-11-08T23:59:59.999Z
2024-11-07T00:00:00.000Z,2024-11-07T23:59:59.999Z,2024-11-07T21:55:00.000Z,2024-11-07T00:22:00.000Z,2781,0.236031183,0.250919628,0.235134178,0.24784317,1122785.59,77025411.73,2024-11-07T23:59:59.999Z
2024-11-06T00:00:00.000Z,2024-11-06T23:59:59.999Z,2024-11-06T22:58:00.000Z,2024-11-06T00:05:00.000Z,2781,0.213494945,0.238287089,0.213120064,0.238279229,931542.42,74056266.49,2024-11-06T23:59:59.999Z
2024-11-05T00:00:00.000Z,2024-11-05T23:59:59.999Z,2024-11-05T17:40:00.000Z,2024-11-05T01:37:00.000Z,2781,0.211695167,0.215380137,0.210563089,0.213494945,611251.13,66353536.07,2024-11-05T23:59:59.999Z
2024-11-04T00:00:00.000Z,2024-11-04T23:59:59.999Z,2024-11-04T03:11:00.000Z,2024-11-04T21:55:00.000Z,2781,0.215802986,0.218382096,0.210364545,0.211695167,798796.73,65780882.53,2024-11-04T23:59:59.999Z
2024-11-03T00:00:00.000Z,2024-11-03T23:59:59.999Z,2024-11-03T00:40:00.000Z,2024-11-03T15:34:00.000Z,2781,0.216926195,0.218138343,0.209404196,0.215802986,844727.58,67060104.91,2024-11-03T23:59:59.999Z
2024-11-02T00:00:00.000Z,2024-11-02T23:59:59.999Z,2024-11-02T05:25:00.000Z,2024-11-02T16:46:00.000Z,2781,0.217942623,0.219160782,0.213079689,0.216926195,729868.77,67407649.63,2024-11-02T23:59:59.999Z
2024-11-01T00:00:00.000Z,2024-11-01T23:59:59.999Z,2024-11-01T15:13:00.000Z,2024-11-01T02:22:00.000Z,2781,0.219159445,0.222500848,0.21606117,0.217942623,741587.65,67725583.77,2024-11-01T23:59:59.999Z
2024-10-31T00:00:00.000Z,2024-10-31T23:59:59.999Z,2024-10-31T11:15:00.000Z,2024-10-31T21:20:00.000Z,2781,0.229591583,0.23146373,0.218035937,0.219159445,721511.14,68106786.67,2024-10-31T23:59:59.999Z
2024-10-30T00:00:00.000Z,2024-10-30T23:59:59.999Z,2024-10-30T15:12:00.000Z,2024-10-30T23:59:00.000Z,2781,0.233370955,0.235656693,0.229591289,0.229591775,781880.79,71349254.56,2024-10-30T23:59:59.999Z
2024-10-29T00:00:00.000Z,2024-10-29T23:59:59.999Z,2024-10-29T19:16:00.000Z,2024-10-29T00:01:00.000Z,2781,0.223996112,0.238634918,0.22399585,0.233370955,1002177.36,73483449.08,2024-10-29T23:59:59.999Z
2024-10-28T00:00:00.000Z,2024-10-28T23:59:59.999Z,2024-10-28T13:46:00.000Z,2024-10-28T05:40:00.000Z,2781,0.221573841,0.225256146,0.219102066,0.223996112,595003.06,70532515.17,2024-10-28T23:59:59.999Z
2024-10-27T00:00:00.000Z,2024-10-27T23:59:59.999Z,2024-10-27T22:30:00.000Z,2024-10-27T11:19:00.000Z,2781,0.220941419,0.221947308,0.219310454,0.221573841,474451.24,69765797.6,2024-10-27T23:59:59.999Z
2024-10-26T00:00:00.000Z,2024-10-26T23:59:59.999Z,2024-10-26T20:41:00.000Z,2024-10-26T00:16:00.000Z,2781,0.218937342,0.22226862,0.218456017,0.220941419,524647.25,69566987.22,2024-10-26T23:59:59.999Z
2024-10-25T00:00:00.000Z,2024-10-25T23:59:59.999Z,2024-10-25T14:40:00.000Z,2024-10-25T23:34:00.000Z,2781,0.225857285,0.229051559,0.218152478,0.218937342,659169.65,68940643.82,2024-10-25T23:59:59.999Z
2024-10-24T00:00:00.000Z,2024-10-24T23:59:59.999Z,2024-10-24T01:16:00.000Z,2024-10-24T16:24:00.000Z,2781,0.230293752,0.231774959,0.223605962,0.225857285,924801.64,71118841.42,2024-10-24T23:59:59.999Z
2024-10-23T00:00:00.000Z,2024-10-23T23:59:59.999Z,2024-10-23T01:52:00.000Z,2024-10-23T18:24:00.000Z,2781,0.232401093,0.243008427,0.227076527,0.229472548,993581.57,72256935.64,2024-10-23T23:59:59.999Z
2024-10-22T00:00:00.000Z,2024-10-22T23:59:59.999Z,2024-10-22T00:18:00.000Z,2024-10-22T23:40:00.000Z,2781,0.23731847,0.237399618,0.231942961,0.232401093,529158.38,73179977.62,2024-10-22T23:59:59.999Z
2024-10-21T00:00:00.000Z,2024-10-21T23:59:59.999Z,2024-10-21T04:16:00.000Z,2024-10-21T00:00:00.000Z,2781,0.232184163,0.26703388,0.232184163,0.23731847,2042679.91,73997108.64,2024-10-21T23:59:59.999Z
2024-10-20T00:00:00.000Z,2024-10-20T23:59:59.999Z,2024-10-20T23:46:00.000Z,2024-10-20T03:06:00.000Z,2781,0.221298046,0.232691378,0.220173141,0.232184163,720614.26,72396673.86,2024-10-20T23:59:59.999Z
2024-10-19T00:00:00.000Z,2024-10-19T23:59:59.999Z,2024-10-19T00:41:00.000Z,2024-10-19T17:33:00.000Z,2781,0.238603911,0.239216628,0.21983727,0.221298041,961355.2,68163099.52,2024-10-19T23:59:59.999Z
2024-10-18T00:00:00.000Z,2024-10-18T23:59:59.999Z,2024-10-18T02:00:00.000Z,2024-10-18T23:58:00.000Z,2781,0.240621065,0.242792236,0.238584396,0.238603911,687610.07,73473879.86,2024-10-18T23:59:59.999Z
2024-10-17T00:00:00.000Z,2024-10-17T23:59:59.999Z,2024-10-17T02:01:00.000Z,2024-10-17T21:05:00.000Z,2781,0.247899092,0.254753156,0.237451562,0.240621065,936624.2,74095026.96,2024-10-17T23:59:59.999Z
2024-10-16T00:00:00.000Z,2024-10-16T23:59:59.999Z,2024-10-16T23:01:00.000Z,2024-10-16T01:09:00.000Z,2781,0.237990464,0.248395929,0.237541924,0.247899092,764374.03,76336674.1,2024-10-16T23:59:59.999Z
2024-10-15T00:00:00.000Z,2024-10-15T23:59:59.999Z,2024-10-15T01:33:00.000Z,2024-10-15T21:43:00.000Z,2781,0.244480663,0.245671891,0.236119656,0.237990464,530103.47,62569958.04,2024-10-15T23:59:59.999Z
2024-10-14T00:00:00.000Z,2024-10-14T23:59:59.999Z,2024-10-14T23:05:00.000Z,2024-10-14T03:13:00.000Z,2781,0.223962849,0.246452925,0.221903222,0.244554009,534771.05,64295575.24,2024-10-14T23:59:59.999Z
2024-10-13T00:00:00.000Z,2024-10-13T23:59:59.999Z,2024-10-13T22:18:00.000Z,2024-10-13T15:37:00.000Z,2781,0.224172682,0.226589651,0.217576764,0.223964988,519006.58,58882525.84,2024-10-13T23:59:59.999Z
2024-10-12T00:00:00.000Z,2024-10-12T23:59:59.999Z,2024-10-12T08:13:00.000Z,2024-10-12T21:00:00.000Z,2781,0.237765388,0.240392069,0.221444383,0.224168996,991665.43,58952419.92,2024-10-12T23:59:59.999Z
2024-10-11T00:00:00.000Z,2024-10-11T23:59:59.999Z,2024-10-11T15:19:00.000Z,2024-10-11T01:37:00.000Z,2781,0.235589682,0.246450587,0.233924403,0.237765388,803717.7,62528026.93,2024-10-11T23:59:59.999Z
2024-10-10T00:00:00.000Z,2024-10-10T23:59:59.999Z,2024-10-10T16:11:00.000Z,2024-10-10T00:04:00.000Z,2781,0.230812912,0.238709663,0.230606373,0.235589682,442422.42,61955853.85,2024-10-10T23:59:59.999Z
2024-10-09T00:00:00.000Z,2024-10-09T23:59:59.999Z,2024-10-09T01:41:00.000Z,2024-10-09T23:33:00.000Z,2781,0.244450956,0.248655312,0.229829857,0.230813075,521186.02,60699649.02,2024-10-09T23:59:59.999Z
2024-10-08T00:00:00.000Z,2024-10-08T23:59:59.999Z,2024-10-08T04:28:00.000Z,2024-10-08T19:28:00.000Z,2781,0.254127815,0.257269501,0.244344157,0.245254764,518306.66,64493223.65,2024-10-08T23:59:59.999Z
2024-10-07T00:00:00.000Z,2024-10-07T23:59:59.999Z,2024-10-07T05:13:00.000Z,2024-10-07T20:58:00.000Z,2781,0.258816255,0.271981949,0.252052162,0.254127815,678669.67,66813975.65,2024-10-07T23:59:59.999Z
2024-10-06T00:00:00.000Z,2024-10-06T23:59:59.999Z,2024-10-06T15:01:00.000Z,2024-10-06T00:58:00.000Z,2781,0.257294196,0.263037442,0.256075957,0.258816255,387302.13,68042753.71,2024-10-06T23:59:59.999Z
2024-10-05T00:00:00.000Z,2024-10-05T23:59:59.999Z,2024-10-05T13:31:00.000Z,2024-10-05T04:19:00.000Z,2781,0.257216387,0.259248716,0.254393567,0.257294196,359067.76,67642491.04,2024-10-05T23:59:59.999Z
2024-10-04T00:00:00.000Z,2024-10-04T23:59:59.999Z,2024-10-04T21:25:00.000Z,2024-10-04T01:07:00.000Z,2781,0.243071235,0.258670901,0.24144283,0.257216387,504535.74,67622002.12,2024-10-04T23:59:59.999Z
2024-10-03T00:00:00.000Z,2024-10-03T23:59:59.999Z,2024-10-03T04:55:00.000Z,2024-10-03T15:18:00.000Z,2781,0.241915549,0.245899963,0.237319051,0.243071235,497763.23,63903968.88,2024-10-03T23:59:59.999Z
2024-10-02T00:00:00.000Z,2024-10-02T23:59:59.999Z,2024-10-02T04:02:00.000Z,2024-10-02T23:55:00.000Z,2781,0.253955552,0.257816019,0.240977035,0.241916568,457842.59,63600136.58,2024-10-02T23:59:59.999Z
2024-10-01T00:00:00.000Z,2024-10-01T23:59:59.999Z,2024-10-01T08:07:00.000Z,2024-10-01T20:52:00.000Z,2781,0.268234703,0.27632057,0.252131813,0.253955552,582951.59,66765487.38,2024-10-01T23:59:59.999Z
2024-09-30T00:00:00.000Z,2024-09-30T23:59:59.999Z,2024-09-30T00:04:00.000Z,2024-09-30T23:44:00.000Z,2781,0.2895228,0.289677063,0.267646561,0.268234703,592992.27,70519508.12,2024-09-30T23:59:59.999Z
2024-09-29T00:00:00.000Z,2024-09-29T23:59:59.999Z,2024-09-29T00:11:00.000Z,2024-09-29T18:02:00.000Z,2781,0.297049641,0.297588302,0.288023546,0.2895228,816366.96,76113283.96,2024-09-29T23:59:59.999Z
2024-09-28T00:00:00.000Z,2024-09-28T23:59:59.999Z,2024-09-28T12:25:00.000Z,2024-09-28T00:16:00.000Z,2781,0.294343961,0.30265638,0.293831612,0.297049641,783970.25,78091624.46,2024-09-28T23:59:59.999Z
2024-09-27T00:00:00.000Z,2024-09-27T23:59:59.999Z,2024-09-27T16:58:00.000Z,2024-09-27T08:13:00.000Z,2781,0.2843766,0.29767571,0.283502505,0.294343961,663784.46,76760074.59,2024-09-27T23:59:59.999Z
2024-09-26T00:00:00.000Z,2024-09-26T23:59:59.999Z,2024-09-26T17:10:00.000Z,2024-09-26T01:09:00.000Z,2781,0.276213008,0.285485702,0.275329032,0.2843766,511411.25,74131555.96,2024-09-26T23:59:59.999Z
2024-09-25T00:00:00.000Z,2024-09-25T23:59:59.999Z,2024-09-25T01:48:00.000Z,2024-09-25T18:52:00.000Z,2781,0.276735186,0.278356062,0.26610345,0.276215054,557304.19,72003463.27,2024-09-25T23:59:59.999Z
2024-09-24T00:00:00.000Z,2024-09-24T23:59:59.999Z,2024-09-24T23:34:00.000Z,2024-09-24T02:40:00.000Z,2781,0.262366676,0.277696871,0.258543272,0.276735186,594776.01,72133806.26,2024-09-24T23:59:59.999Z
2024-09-23T00:00:00.000Z,2024-09-23T23:59:59.999Z,2024-09-23T01:34:00.000Z,2024-09-23T02:01:00.000Z,2781,0.266492422,0.269520467,0.256604817,0.262366676,647997.63,68396206.94,2024-09-23T23:59:59.999Z
2024-09-22T00:00:00.000Z,2024-09-22T23:59:59.999Z,2024-09-22T01:54:00.000Z,2024-09-22T22:16:00.000Z,2781,0.274527184,0.276526471,0.261662572,0.266492422,508493.76,69403778.43,2024-09-22T23:59:59.999Z
2024-09-21T00:00:00.000Z,2024-09-21T23:59:59.999Z,2024-09-21T12:59:00.000Z,2024-09-21T18:28:00.000Z,2781,0.275900041,0.289438356,0.266792192,0.274527184,684224.35,71495479.45,2024-09-21T23:59:59.999Z
2024-09-20T00:00:00.000Z,2024-09-20T23:59:59.999Z,2024-09-20T16:33:00.000Z,2024-09-20T01:21:00.000Z,2781,0.268293938,0.278531084,0.263369878,0.275900041,479593.05,71838380.1,2024-09-20T23:59:59.999Z
2024-09-19T00:00:00.000Z,2024-09-19T23:59:59.999Z,2024-09-19T12:16:00.000Z,2024-09-19T00:00:00.000Z,2781,0.245421235,0.272024659,0.245421235,0.268293938,613710.42,69849238.31,2024-09-19T23:59:59.999Z
2024-09-18T00:00:00.000Z,2024-09-18T23:59:59.999Z,2024-09-18T23:59:00.000Z,2024-09-18T17:20:00.000Z,2781,0.237744305,0.245423728,0.235214751,0.245421235,583963.95,63894728.79,2024-09-18T23:59:59.999Z
2024-09-17T00:00:00.000Z,2024-09-17T23:59:59.999Z,2024-09-17T15:45:00.000Z,2024-09-17T01:23:00.000Z,2781,0.230495165,0.243144148,0.228109642,0.237744305,413120.79,61950246.99,2024-09-17T23:59:59.999Z
2024-09-16T00:00:00.000Z,2024-09-16T23:59:59.999Z,2024-09-16T00:13:00.000Z,2024-09-16T17:31:00.000Z,2781,0.237797223,0.238157144,0.22548669,0.230495498,663058.86,60061301.6,2024-09-16T23:59:59.999Z
2024-09-15T00:00:00.000Z,2024-09-15T23:59:59.999Z,2024-09-15T01:34:00.000Z,2024-09-15T23:13:00.000Z,2781,0.259340145,0.261244497,0.236728238,0.237797223,677237.72,61958028.25,2024-09-15T23:59:59.999Z
2024-09-14T00:00:00.000Z,2024-09-14T23:59:59.999Z,2024-09-14T00:18:00.000Z,2024-09-14T18:37:00.000Z,2781,0.272507099,0.272889552,0.257958745,0.259340145,563940.74,67518542.79,2024-09-14T23:59:59.999Z
2024-09-13T00:00:00.000Z,2024-09-13T23:59:59.999Z,2024-09-13T22:22:00.000Z,2024-09-13T02:11:00.000Z,2781,0.242699875,0.273713306,0.240056254,0.272507099,874417.08,70948061.47,2024-09-13T23:59:59.999Z
2024-09-12T00:00:00.000Z,2024-09-12T23:59:59.999Z,2024-09-12T14:43:00.000Z,2024-09-12T00:22:00.000Z,2781,0.208753429,0.293576757,0.208705979,0.242699875,1661873.16,63187957.85,2024-09-12T23:59:59.999Z
2024-09-11T00:00:00.000Z,2024-09-11T23:59:59.999Z,2024-09-11T00:07:00.000Z,2024-09-11T14:52:00.000Z,2781,0.209466222,0.209575268,0.201995374,0.208753429,321853.52,54397555.07,2024-09-11T23:59:59.999Z
2024-09-10T00:00:00.000Z,2024-09-10T23:59:59.999Z,2024-09-10T08:14:00.000Z,2024-09-10T14:25:00.000Z,2781,0.210670886,0.212337576,0.202167501,0.209466222,608366.69,54587172.3,2024-09-10T23:59:59.999Z
2024-09-09T00:00:00.000Z,2024-09-09T23:59:59.999Z,2024-09-09T21:57:00.000Z,2024-09-09T15:23:00.000Z,2781,0.21032292,0.21196776,0.207612544,0.210670886,418726.7,54878582.12,2024-09-09T23:59:59.999Z
2024-09-08T00:00:00.000Z,2024-09-08T23:59:59.999Z,2024-09-08T11:28:00.000Z,2024-09-08T17:07:00.000Z,2781,0.208550196,0.213754484,0.206756079,0.21032292,306351.64,54780830.26,2024-09-08T23:59:59.999Z
2024-09-07T00:00:00.000Z,2024-09-07T23:59:59.999Z,2024-09-07T16:01:00.000Z,2024-09-07T00:01:00.000Z,2781,0.20322769,0.211166033,0.203154503,0.208550196,330995.28,54319009.3,2024-09-07T23:59:59.999Z
2024-09-06T00:00:00.000Z,2024-09-06T23:59:59.999Z,2024-09-06T02:49:00.000Z,2024-09-06T21:04:00.000Z,2781,0.215219,0.218436315,0.199277634,0.20322769,467421.96,52933727.79,2024-09-06T23:59:59.999Z
2024-09-05T00:00:00.000Z,2024-09-05T23:59:59.999Z,2024-09-05T01:49:00.000Z,2024-09-05T15:01:00.000Z,2781,0.218334782,0.219507999,0.211449648,0.215219,547817.17,56056723.08,2024-09-05T23:59:59.999Z
2024-09-04T00:00:00.000Z,2024-09-04T23:59:59.999Z,2024-09-04T00:32:00.000Z,2024-09-04T13:55:00.000Z,2781,0.223239797,0.224028029,0.212345584,0.218334782,670524.52,56897709.36,2024-09-04T23:59:59.999Z
2024-09-03T00:00:00.000Z,2024-09-03T23:59:59.999Z,2024-09-03T00:13:00.000Z,2024-09-03T17:21:00.000Z,2781,0.232504286,0.234151538,0.223050836,0.223241479,412987.89,58162428.1,2024-09-03T23:59:59.999Z
2024-09-02T00:00:00.000Z,2024-09-02T23:59:59.999Z,2024-09-02T23:11:00.000Z,2024-09-02T06:28:00.000Z,2781,0.222707639,0.233556763,0.220335017,0.232504286,449095.33,60551359.3,2024-09-02T23:59:59.999Z
2024-09-01T00:00:00.000Z,2024-09-01T23:59:59.999Z,2024-09-01T00:00:00.000Z,2024-09-01T23:28:00.000Z,2781,0.233236479,0.233237083,0.221632604,0.222707639,382975.81,58001397.03,2024-09-01T23:59:59.999Z
2024-08-31T00:00:00.000Z,2024-08-31T23:59:59.999Z,2024-08-31T01:13:00.000Z,2024-08-31T23:59:00.000Z,2781,0.237061242,0.239882595,0.233236216,0.233236479,426359.09,60743592.3,2024-08-31T23:59:59.999Z
2024-08-30T00:00:00.000Z,2024-08-30T23:59:59.999Z,2024-08-30T23:28:00.000Z,2024-08-30T16:40:00.000Z,2781,0.235470428,0.237443618,0.227947424,0.237061242,428202.69,61740889.16,2024-08-30T23:59:59.999Z
2024-08-29T00:00:00.000Z,2024-08-29T23:59:59.999Z,2024-08-29T13:17:00.000Z,2024-08-29T00:33:00.000Z,2781,0.234350841,0.24071317,0.233689041,0.235470428,383305.4,61327987.2,2024-08-29T23:59:59.999Z
2024-08-28T00:00:00.000Z,2024-08-28T23:59:59.999Z,2024-08-28T14:25:00.000Z,2024-08-28T01:46:00.000Z,2781,0.222587797,0.235875682,0.219939692,0.234350841,451190.88,61037368.39,2024-08-28T23:59:59.999Z
2024-08-27T00:00:00.000Z,2024-08-27T23:59:59.999Z,2024-08-27T06:28:00.000Z,2024-08-27T22:25:00.000Z,2781,0.245345668,0.247651744,0.221351269,0.222587797,519417.77,57998113.12,2024-08-27T23:59:59.999Z
2024-08-26T00:00:00.000Z,2024-08-26T23:59:59.999Z,2024-08-26T00:01:00.000Z,2024-08-26T21:35:00.000Z,2781,0.261398025,0.261417626,0.244237906,0.245345668,543373.26,63927969.32,2024-08-26T23:59:59.999Z
2024-08-25T00:00:00.000Z,2024-08-25T23:59:59.999Z,2024-08-25T00:25:00.000Z,2024-08-25T20:25:00.000Z,2781,0.273901389,0.274690823,0.255720111,0.261398025,1004296.83,68165651.11,2024-08-25T23:59:59.999Z
2024-08-24T00:00:00.000Z,2024-08-24T23:59:59.999Z,2024-08-24T00:27:00.000Z,2024-08-24T04:31:00.000Z,2781,0.276179238,0.277074145,0.26602697,0.273901389,694801.74,71416038.46,2024-08-24T23:59:59.999Z
2024-08-23T00:00:00.000Z,2024-08-23T23:59:59.999Z,2024-08-23T22:12:00.000Z,2024-08-23T00:05:00.000Z,2781,0.245961495,0.279103272,0.245645738,0.276179238,908952.73,72008852.08,2024-08-23T23:59:59.999Z
2024-08-22T00:00:00.000Z,2024-08-22T23:59:59.999Z,2024-08-22T23:41:00.000Z,2024-08-22T03:10:00.000Z,2781,0.228628636,0.246603609,0.226354694,0.245961495,824509.14,64149981.59,2024-08-22T23:59:59.999Z
2024-08-21T00:00:00.000Z,2024-08-21T23:59:59.999Z,2024-08-21T20:07:00.000Z,2024-08-21T13:49:00.000Z,2781,0.221563332,0.230080341,0.219135581,0.228628636,596359.55,59629077.4,2024-08-21T23:59:59.999Z
2024-08-20T00:00:00.000Z,2024-08-20T23:59:59.999Z,2024-08-20T05:30:00.000Z,2024-08-20T21:44:00.000Z,2781,0.231952104,0.236677449,0.221946795,0.223037289,498255.32,58124525.61,2024-08-20T23:59:59.999Z
2024-08-19T00:00:00.000Z,2024-08-19T23:59:59.999Z,2024-08-19T03:49:00.000Z,2024-08-19T16:23:00.000Z,2781,0.23349557,0.234618089,0.226232508,0.230698777,427573.86,60119912.12,2024-08-19T23:59:59.999Z
2024-08-18T00:00:00.000Z,2024-08-18T23:59:59.999Z,2024-08-18T16:13:00.000Z,2024-08-18T06:01:00.000Z,2781,0.2310236,0.239131114,0.229555775,0.23349557,400673.2,60848755.76,2024-08-18T23:59:59.999Z
2024-08-17T00:00:00.000Z,2024-08-17T23:59:59.999Z,2024-08-17T17:16:00.000Z,2024-08-17T21:52:00.000Z,2781,0.236290973,0.236738623,0.230076411,0.2310236,417093.65,60205833.67,2024-08-17T23:59:59.999Z
2024-08-16T00:00:00.000Z,2024-08-16T23:59:59.999Z,2024-08-16T10:01:00.000Z,2024-08-16T16:11:00.000Z,2781,0.236548762,0.239949425,0.23470721,0.236290973,390374.01,61563460.95,2024-08-16T23:59:59.999Z
2024-08-15T00:00:00.000Z,2024-08-15T23:59:59.999Z,2024-08-15T00:53:00.000Z,2024-08-15T21:22:00.000Z,2781,0.256706389,0.257835736,0.233117808,0.236548762,522164.14,61630699.55,2024-08-15T23:59:59.999Z
2024-08-14T00:00:00.000Z,2024-08-14T23:59:59.999Z,2024-08-14T12:53:00.000Z,2024-08-14T18:49:00.000Z,2781,0.263783037,0.269008136,0.256333186,0.256706389,441108.93,66882591.92,2024-08-14T23:59:59.999Z
2024-08-13T00:00:00.000Z,2024-08-13T23:59:59.999Z,2024-08-13T22:05:00.000Z,2024-08-13T10:28:00.000Z,2781,0.264118643,0.266797675,0.255587492,0.263783037,461017.26,68729407.51,2024-08-13T23:59:59.999Z
2024-08-12T00:00:00.000Z,2024-08-12T23:59:59.999Z,2024-08-12T14:43:00.000Z,2024-08-12T07:23:00.000Z,2781,0.253448868,0.265460125,0.251607866,0.264118643,476666.21,68820576.36,2024-08-12T23:59:59.999Z
2024-08-11T00:00:00.000Z,2024-08-11T23:59:59.999Z,2024-08-11T09:40:00.000Z,2024-08-11T23:17:00.000Z,2781,0.26631685,0.272320902,0.253207728,0.253448868,476181.99,66058577.66,2024-08-11T23:59:59.999Z
2024-08-10T00:00:00.000Z,2024-08-10T23:59:59.999Z,2024-08-10T00:31:00.000Z,2024-08-10T23:25:00.000Z,2781,0.271301164,0.274093178,0.265483453,0.266316843,515246.83,69413955.09,2024-08-10T23:59:59.999Z
2024-08-09T00:00:00.000Z,2024-08-09T23:59:59.999Z,2024-08-09T04:17:00.000Z,2024-08-09T23:34:00.000Z,2781,0.287586522,0.288147055,0.270133291,0.271301164,555670.62,70715429.62,2024-08-09T23:59:59.999Z
2024-08-08T00:00:00.000Z,2024-08-08T23:59:59.999Z,2024-08-08T23:42:00.000Z,2024-08-08T00:46:00.000Z,2781,0.244623762,0.288349266,0.243388889,0.287586522,738849.58,74958341.93,2024-08-08T23:59:59.999Z
2024-08-07T00:00:00.000Z,2024-08-07T23:59:59.999Z,2024-08-07T13:04:00.000Z,2024-08-07T18:40:00.000Z,2781,0.247499202,0.254019368,0.241156965,0.244623762,611353.7,63758301.97,2024-08-07T23:59:59.999Z
2024-08-06T00:00:00.000Z,2024-08-06T23:59:59.999Z,2024-08-06T14:56:00.000Z,2024-08-06T00:03:00.000Z,2781,0.232539365,0.251042617,0.232354477,0.247499202,623581.01,64508247.79,2024-08-06T23:59:59.999Z
2024-08-05T00:00:00.000Z,2024-08-05T23:59:59.999Z,2024-08-05T00:10:00.000Z,2024-08-05T13:31:00.000Z,2781,0.267317046,0.268021365,0.210344134,0.232543556,1251266.18,60620807.79,2024-08-05T23:59:59.999Z
2024-08-04T00:00:00.000Z,2024-08-04T23:59:59.999Z,2024-08-04T13:40:00.000Z,2024-08-04T18:03:00.000Z,2781,0.287517573,0.289698033,0.261629498,0.267317046,523384.62,69679173.92,2024-08-04T23:59:59.999Z
2024-08-03T00:00:00.000Z,2024-08-03T23:59:59.999Z,2024-08-03T12:46:00.000Z,2024-08-03T21:14:00.000Z,2781,0.302697686,0.306122752,0.284745012,0.287517573,438652.03,74943826.15,2024-08-03T23:59:59.999Z
2024-08-02T00:00:00.000Z,2024-08-02T23:59:59.999Z,2024-08-02T00:34:00.000Z,2024-08-02T23:07:00.000Z,2781,0.337648424,0.338532606,0.30197751,0.302697686,526304.52,78900647.68,2024-08-02T23:59:59.999Z
2024-08-01T00:00:00.000Z,2024-08-01T23:59:59.999Z,2024-08-01T01:04:00.000Z,2024-08-01T18:49:00.000Z,2781,0.344388397,0.345993179,0.326321979,0.337648424,482456.51,88011340.03,2024-08-01T23:59:59.999Z
2024-07-31T00:00:00.000Z,2024-07-31T23:59:59.999Z,2024-07-31T14:18:00.000Z,2024-07-31T23:59:00.000Z,2781,0.357755774,0.361293264,0.344388397,0.344388397,567392.46,89768179.47,2024-07-31T23:59:59.999Z
2024-07-30T00:00:00.000Z,2024-07-30T23:59:59.999Z,2024-07-30T13:22:00.000Z,2024-07-30T18:34:00.000Z,2781,0.354101201,0.359458679,0.349511736,0.357755774,625066.82,93252516.2,2024-07-30T23:59:59.999Z
2024-07-29T00:00:00.000Z,2024-07-29T23:59:59.999Z,2024-07-29T11:07:00.000Z,2024-07-29T00:13:00.000Z,2781,0.349429671,0.362338994,0.349076482,0.354101201,462384.42,92297710.09,2024-07-29T23:59:59.999Z
2024-07-28T00:00:00.000Z,2024-07-28T23:59:59.999Z,2024-07-28T18:51:00.000Z,2024-07-28T07:43:00.000Z,2781,0.350115331,0.351835125,0.34652377,0.349429685,312634.09,91073039.77,2024-07-28T23:59:59.999Z
2024-07-27T00:00:00.000Z,2024-07-27T23:59:59.999Z,2024-07-27T15:10:00.000Z,2024-07-27T20:28:00.000Z,2781,0.352007512,0.357182461,0.34570865,0.350115331,463028,91251723.89,2024-07-27T23:59:59.999Z
2024-07-26T00:00:00.000Z,2024-07-26T23:59:59.999Z,2024-07-26T16:16:00.000Z,2024-07-26T17:55:00.000Z,2781,0.360305876,0.370273616,0.346599614,0.352007512,847311.14,91744889.82,2024-07-26T23:59:59.999Z
2024-07-25T00:00:00.000Z,2024-07-25T23:59:59.999Z,2024-07-25T00:01:00.000Z,2024-07-25T20:31:00.000Z,2781,0.380102318,0.380113602,0.352801107,0.360305876,444289.49,93837187.7,2024-07-25T23:59:59.999Z
2024-07-24T00:00:00.000Z,2024-07-24T23:59:59.999Z,2024-07-24T21:07:00.000Z,2024-07-24T19:19:00.000Z,2781,0.379417671,0.382197658,0.371187086,0.380102318,506579.01,98992925.09,2024-07-24T23:59:59.999Z
2024-07-23T00:00:00.000Z,2024-07-23T23:59:59.999Z,2024-07-23T09:44:00.000Z,2024-07-23T17:43:00.000Z,2781,0.38843714,0.393431781,0.373316933,0.379423081,494727.93,98814814.54,2024-07-23T23:59:59.999Z
2024-07-22T00:00:00.000Z,2024-07-22T23:59:59.999Z,2024-07-22T02:57:00.000Z,2024-07-22T23:19:00.000Z,2781,0.399873951,0.407540863,0.386385498,0.38843714,476036.4,101160702.2,2024-07-22T23:59:59.999Z
2024-07-21T00:00:00.000Z,2024-07-21T23:59:59.999Z,2024-07-21T02:52:00.000Z,2024-07-21T18:23:00.000Z,2781,0.404830458,0.406535101,0.390670723,0.399873951,491207.17,104149239.3,2024-07-21T23:59:59.999Z
2024-07-20T00:00:00.000Z,2024-07-20T23:59:59.999Z,2024-07-20T20:33:00.000Z,2024-07-20T00:46:00.000Z,2781,0.376964213,0.407631349,0.375801032,0.404830458,902403.49,105438059.7,2024-07-20T23:59:59.999Z
2024-07-19T00:00:00.000Z,2024-07-19T23:59:59.999Z,2024-07-19T23:22:00.000Z,2024-07-19T13:37:00.000Z,2781,0.360431871,0.377745986,0.354249893,0.376968439,617070.05,98254555.74,2024-07-19T23:59:59.999Z
2024-07-18T00:00:00.000Z,2024-07-18T23:59:59.999Z,2024-07-18T13:28:00.000Z,2024-07-18T05:28:00.000Z,2781,0.360496258,0.369431113,0.354976544,0.360431166,695491.75,93945330.55,2024-07-18T23:59:59.999Z
2024-07-17T00:00:00.000Z,2024-07-17T23:59:59.999Z,2024-07-17T20:00:00.000Z,2024-07-17T00:05:00.000Z,2781,0.347959113,0.36468372,0.34770122,0.360478241,654672.12,93954079.47,2024-07-17T23:59:59.999Z
2024-07-16T00:00:00.000Z,2024-07-16T23:59:59.999Z,2024-07-16T00:13:00.000Z,2024-07-16T10:41:00.000Z,2781,0.367790578,0.3682123,0.34042323,0.347958868,677013.73,90691355.35,2024-07-16T23:59:59.999Z
2024-07-15T00:00:00.000Z,2024-07-15T23:59:59.999Z,2024-07-15T23:48:00.000Z,2024-07-15T00:21:00.000Z,2781,0.341591178,0.368262688,0.340648413,0.367780895,425535.36,95858182.4,2024-07-15T23:59:59.999Z
2024-07-14T00:00:00.000Z,2024-07-14T23:59:59.999Z,2024-07-14T23:41:00.000Z,2024-07-14T16:38:00.000Z,2781,0.336008207,0.341949462,0.333292702,0.341592415,379623.5,89032023.29,2024-07-14T23:59:59.999Z
2024-07-13T00:00:00.000Z,2024-07-13T23:59:59.999Z,2024-07-13T23:26:00.000Z,2024-07-13T00:01:00.000Z,2781,0.331337911,0.337870494,0.331305668,0.336004147,358804.67,87575806.09,2024-07-13T23:59:59.999Z
2024-07-12T00:00:00.000Z,2024-07-12T23:59:59.999Z,2024-07-12T03:08:00.000Z,2024-07-12T10:03:00.000Z,2781,0.336392531,0.339671328,0.325929902,0.331334436,600882.28,86361437.19,2024-07-12T23:59:59.999Z
2024-07-11T00:00:00.000Z,2024-07-11T23:59:59.999Z,2024-07-11T13:35:00.000Z,2024-07-11T04:34:00.000Z,2781,0.33618011,0.34509367,0.331873087,0.336389271,361607.38,87678996.7,2024-07-11T23:59:59.999Z
2024-07-10T00:00:00.000Z,2024-07-10T23:59:59.999Z,2024-07-10T16:33:00.000Z,2024-07-10T01:08:00.000Z,2781,0.332276414,0.337885922,0.328886475,0.336190296,348024.2,87638315.03,2024-07-10T23:59:59.999Z
2024-07-09T00:00:00.000Z,2024-07-09T23:59:59.999Z,2024-07-09T08:46:00.000Z,2024-07-09T00:37:00.000Z,2781,0.326998524,0.33563092,0.326568465,0.332264886,320018.74,86563554.65,2024-07-09T23:59:59.999Z
2024-07-08T00:00:00.000Z,2024-07-08T23:59:59.999Z,2024-07-08T09:19:00.000Z,2024-07-08T01:47:00.000Z,2781,0.315788661,0.327383277,0.305912993,0.326994432,457984.47,85190465.76,2024-07-08T23:59:59.999Z
2024-07-07T00:00:00.000Z,2024-07-07T23:59:59.999Z,2024-07-07T02:59:00.000Z,2024-07-07T15:01:00.000Z,2781,0.323039967,0.323533052,0.315297806,0.315788436,413747.34,82274401.58,2024-07-07T23:59:59.999Z
2024-07-06T00:00:00.000Z,2024-07-06T23:59:59.999Z,2024-07-06T23:37:00.000Z,2024-07-06T02:26:00.000Z,2781,0.314158495,0.323210172,0.313343796,0.323041642,438842.99,84165264.54,2024-07-06T23:59:59.999Z
2024-07-05T00:00:00.000Z,2024-07-05T23:59:59.999Z,2024-07-05T01:04:00.000Z,2024-07-05T09:16:00.000Z,2781,0.324599642,0.328162556,0.295830334,0.314155767,678969.6,81853129.7,2024-07-05T23:59:59.999Z
2024-07-04T00:00:00.000Z,2024-07-04T23:59:59.999Z,2024-07-04T01:07:00.000Z,2024-07-04T23:59:00.000Z,2781,0.37197962,0.372403401,0.325177684,0.325177684,885175.88,84721419.13,2024-07-04T23:59:59.999Z
2024-07-03T00:00:00.000Z,2024-07-03T23:59:59.999Z,2024-07-03T00:30:00.000Z,2024-07-03T21:39:00.000Z,2781,0.416231194,0.41661588,0.369409468,0.371984534,738064.03,96757057.61,2024-07-03T23:59:59.999Z
2024-07-02T00:00:00.000Z,2024-07-02T23:59:59.999Z,2024-07-02T21:30:00.000Z,2024-07-02T16:49:00.000Z,2781,0.407250219,0.419151426,0.406487655,0.416118969,530463.54,108240962.5,2024-07-02T23:59:59.999Z
2024-07-01T00:00:00.000Z,2024-07-01T23:59:59.999Z,2024-07-01T02:10:00.000Z,2024-07-01T23:45:00.000Z,2781,0.409057493,0.431999535,0.406475826,0.407331452,608787.23,105955762.1,2024-07-01T23:59:59.999Z
2024-06-30T00:00:00.000Z,2024-06-30T23:59:59.999Z,2024-06-30T23:47:00.000Z,2024-06-30T03:34:00.000Z,2781,0.392946563,0.409136234,0.389914782,0.409059824,422824.79,106457990.6,2024-06-30T23:59:59.999Z
2024-06-29T00:00:00.000Z,2024-06-29T23:59:59.999Z,2024-06-29T22:13:00.000Z,2024-06-29T01:32:00.000Z,2781,0.388661844,0.394304536,0.384978752,0.392961693,419810.09,102282359.6,2024-06-29T23:59:59.999Z
2024-06-28T00:00:00.000Z,2024-06-28T23:59:59.999Z,2024-06-28T02:28:00.000Z,2024-06-28T22:57:00.000Z,2781,0.400817484,0.403160832,0.387804572,0.38867366,373986.8,101166266.6,2024-06-28T23:59:59.999Z
2024-06-27T00:00:00.000Z,2024-06-27T23:59:59.999Z,2024-06-27T14:32:00.000Z,2024-06-27T06:09:00.000Z,2781,0.393570749,0.403479558,0.392337523,0.400830054,365697.75,104330404.1,2024-06-27T23:59:59.999Z
2024-06-26T00:00:00.000Z,2024-06-26T23:59:59.999Z,2024-06-26T02:32:00.000Z,2024-06-26T17:31:00.000Z,2781,0.395060752,0.398477827,0.389932445,0.393584651,394267.27,102446165.9,2024-06-26T23:59:59.999Z
2024-06-25T00:00:00.000Z,2024-06-25T23:59:59.999Z,2024-06-25T21:44:00.000Z,2024-06-25T00:00:00.000Z,2781,0.377432779,0.398808638,0.377432779,0.395319409,467146.2,102898429,2024-06-25T23:59:59.999Z
2024-06-24T00:00:00.000Z,2024-06-24T23:59:59.999Z,2024-06-24T00:22:00.000Z,2024-06-24T16:58:00.000Z,2781,0.391866914,0.392141313,0.364192225,0.37738873,574541.99,98232764.6,2024-06-24T23:59:59.999Z
2024-06-23T00:00:00.000Z,2024-06-23T23:59:59.999Z,2024-06-23T01:56:00.000Z,2024-06-23T23:22:00.000Z,2781,0.399250285,0.401314622,0.391742568,0.391837819,432082.12,102004341.2,2024-06-23T23:59:59.999Z
2024-06-22T00:00:00.000Z,2024-06-22T23:59:59.999Z,2024-06-22T00:06:00.000Z,2024-06-22T21:54:00.000Z,2781,0.41757514,0.417632752,0.399080447,0.399243745,533738.29,103935101.4,2024-06-22T23:59:59.999Z
2024-06-21T00:00:00.000Z,2024-06-21T23:59:59.999Z,2024-06-21T03:52:00.000Z,2024-06-21T21:58:00.000Z,2781,0.438322192,0.438939011,0.416033663,0.417526426,505218.34,108696068.9,2024-06-21T23:59:59.999Z
2024-06-20T00:00:00.000Z,2024-06-20T23:59:59.999Z,2024-06-20T01:35:00.000Z,2024-06-20T16:40:00.000Z,2781,0.446444225,0.448437113,0.435200845,0.438316427,508389.39,114108400.5,2024-06-20T23:59:59.999Z